{"logTime": "1002/141154", "level": "INFO", "message": "UserPrefStore loaded: error=NO_FILE (6)"}
{"logTime": "1002/141154", "level": "INFO", "message": "Preference changed: name=edge_vpn.available, new_value=true, source=unknown"}
{"logTime": "1002/141154", "level": "INFO", "message": "Preference changed: name=profile_network_context_service.http_cache_finch_experiment_groups, new_value=\"None None None None\", source=unknown"}
{"logTime": "1002/141154", "level": "INFO", "message": "Preference changed: name=enterprise_profile_guid, new_value=\"5ce03993-0285-4d7d-9f49-0fa63b6838a5\", source=unknown"}
{"logTime": "1002/141154", "level": "INFO", "message": "Preference changed: name=extensions.last_chrome_version, new_value=\"154.0.4258.48\", source=unknown"}
{"logTime": "1002/141154", "level": "INFO", "message": "Preference changed: name=gaia_cookie.periodic_report_time_2, new_value=\"13435423914481463\", source=unknown"}
{"logTime": "1002/141154", "level": "INFO", "message": "Preference changed: name=optimization_guide.previously_registered_optimization_types, new_value=[object], source=unknown"}
{"logTime": "1002/141154", "level": "INFO", "message": "Preference changed: name=user_experience_metrics.personalization_data_consent_enabled_last_known_value, new_value=false, source=unknown"}
{"logTime": "1002/141154", "level": "INFO", "message": "Preference changed: name=profile.background_password_check, new_value=[object], source=unknown"}
{"logTime": "1002/141154", "level": "INFO", "message": "Preference changed: name=extensions.chrome_url_overrides, new_value=[object], source=unknown"}
{"logTime": "1002/141154", "level": "INFO", "message": "Preference changed: name=browser.recent_theme_color_list, new_value=[object], source=unknown"}
{"logTime": "1002/141154", "level": "INFO", "message": "Preference changed: name=browser.mai_ds_default_theme_type, new_value=1, source=unknown"}
{"logTime": "1002/141154", "level": "INFO", "message": "Preference changed: name=browser.color_theme_user_on_first_check, new_value=false, source=unknown"}
{"logTime": "1002/141154", "level": "INFO", "message": "Preference changed: name=browser.has_used_default_theme, new_value=true, source=unknown"}
{"logTime": "1002/141154", "level": "INFO", "message": "Preference changed: name=omnibox.work_organization_name.name, new_value=\"\", source=unknown"}
{"logTime": "1002/141154", "level": "INFO", "message": "Preference changed: name=countryid_at_install, new_value=18766, source=unknown"}
{"logTime": "1002/141154", "level": "INFO", "message": "Preference changed: name=reset_prepopulated_engines, new_value=false, source=unknown"}
{"logTime": "1002/141154", "level": "INFO", "message": "Preference changed: name=sessions.session_data_status, new_value=1, source=unknown"}
{"logTime": "1002/141154", "level": "INFO", "message": "Preference changed: name=sessions.event_log, new_value=[object], source=unknown"}
{"logTime": "1002/141154", "level": "INFO", "message": "Preference changed: name=optimization_guide.previously_registered_optimization_types, new_value=[object], source=unknown"}
{"logTime": "1002/141154", "level": "INFO", "message": "Preference changed: name=optimization_guide.previously_registered_optimization_types, new_value=[object], source=unknown"}
{"logTime": "1002/141154", "level": "INFO", "message": "Preference changed: name=optimization_guide.previously_registered_optimization_types, new_value=[object], source=unknown"}
{"logTime": "1002/141154", "level": "INFO", "message": "Preference changed: name=custom_links.list, new_value=[object], source=unknown"}
{"logTime": "1002/141154", "level": "INFO", "message": "Preference changed: name=browser.edge_sidebar_visibility, new_value=[object], source=unknown"}
{"logTime": "1002/141154", "level": "INFO", "message": "Preference changed: name=browser.edge_sidebar_visibility, new_value=[object], source=unknown"}
{"logTime": "1002/141154", "level": "INFO", "message": "Preference changed: name=saved_tab_groups.did_enable_shared_tab_groups_in_last_session, new_value=false, source=unknown"}
{"logTime": "1002/141154", "level": "INFO", "message": "Preference changed: name=optimization_guide.previously_registered_optimization_types, new_value=[object], source=unknown"}
{"logTime": "1002/141154", "level": "INFO", "message": "Preference changed: name=spellcheck.dictionaries, new_value=[object], source=unknown"}
{"logTime": "1002/141154", "level": "INFO", "message": "Preference changed: name=spellcheck.dictionary, new_value=\"\", source=unknown"}
{"logTime": "1002/141154", "level": "INFO", "message": "Preference changed: name=sync.edge_account_type, new_value=0, source=unknown"}
{"logTime": "1002/141154", "level": "INFO", "message": "Preference changed: name=sync.encryption_bootstrap_token_per_account_migration_done, new_value=true, source=unknown"}
{"logTime": "1002/141154", "level": "INFO", "message": "Preference changed: name=optimization_guide.previously_registered_optimization_types, new_value=[object], source=unknown"}
{"logTime": "1002/141154", "level": "INFO", "message": "Preference changed: name=safety_hub.unused_site_permissions_revocation.migration_completed, new_value=true, source=unknown"}
{"logTime": "1002/141154", "level": "INFO", "message": "Preference changed: name=edge_pinning_campaign.precomputed_campaign_data, new_value=[object], source=unknown"}
{"logTime": "1002/141154", "level": "INFO", "message": "Preference changed: name=profile.created_by_version, new_value=\"154.0.4258.48\", source=unknown"}
{"logTime": "1002/141154", "level": "INFO", "message": "Preference changed: name=profile.creation_time, new_value=\"13435423914412637\", source=unknown"}
{"logTime": "1002/141154", "level": "INFO", "message": "Preference changed: name=profile.edge_profile_id, new_value=\"5941bf0e-2e26-425c-8932-85c601b9de79\", source=unknown"}
{"logTime": "1002/141154", "level": "INFO", "message": "Preference changed: name=family_safety.web_filtering_enabled, new_value=false, source=unknown"}
{"logTime": "1002/141154", "level": "INFO", "message": "Preference changed: name=family_safety.activity_reporting_enabled, new_value=false, source=unknown"}
{"logTime": "1002/141154", "level": "INFO", "message": "Preference changed: name=profile.network_pbs, new_value=[object], source=unknown"}
{"logTime": "1002/141154", "level": "INFO", "message": "Preference changed: name=privacy_sandbox.first_party_sets_data_access_allowed_initialized, new_value=true, source=unknown"}
{"logTime": "1002/141154", "level": "INFO", "message": "Preference changed: name=default_apps_install_state, new_value=3, source=unknown"}
{"logTime": "1002/141154", "level": "INFO", "message": "Preference changed: name=extensions.alerts.initialized, new_value=true, source=unknown"}
{"logTime": "1002/141154", "level": "INFO", "message": "Preference changed: name=extensions.pdf_upsell_triggered, new_value=false, source=unknown"}
{"logTime": "1002/141154", "level": "INFO", "message": "Preference changed: name=extensions.settings, new_value=[object], source=unknown"}
{"logTime": "1002/141154", "level": "INFO", "message": "Preference changed: name=extensions.settings, new_value=[object], source=unknown"}
{"logTime": "1002/141154", "level": "INFO", "message": "Preference changed: name=extensions.settings, new_value=[object], source=unknown"}
{"logTime": "1002/141154", "level": "INFO", "message": "Preference changed: name=extensions.settings, new_value=[object], source=unknown"}
{"logTime": "1002/141154", "level": "INFO", "message": "Preference changed: name=extensions.settings, new_value=[object], source=unknown"}
{"logTime": "1002/141154", "level": "INFO", "message": "Preference changed: name=extensions.settings, new_value=[object], source=unknown"}
{"logTime": "1002/141154", "level": "INFO", "message": "Preference changed: name=extensions.settings, new_value=[object], source=unknown"}
{"logTime": "1002/141154", "level": "INFO", "message": "Preference changed: name=extensions.settings, new_value=[object], source=unknown"}
{"logTime": "1002/141154", "level": "INFO", "message": "Preference changed: name=extensions.settings, new_value=[object], source=unknown"}
{"logTime": "1002/141154", "level": "INFO", "message": "Preference changed: name=extensions.settings, new_value=[object], source=unknown"}
{"logTime": "1002/141154", "level": "INFO", "message": "Preference changed: name=extensions.settings, new_value=[object], source=unknown"}
{"logTime": "1002/141154", "level": "INFO", "message": "Preference changed: name=extensions.settings, new_value=[object], source=unknown"}
{"logTime": "1002/141154", "level": "INFO", "message": "Preference changed: name=extensions.settings, new_value=[object], source=unknown"}
{"logTime": "1002/141154", "level": "INFO", "message": "Preference changed: name=extensions.settings, new_value=[object], source=unknown"}
{"logTime": "1002/141154", "level": "INFO", "message": "Preference changed: name=extensions.settings, new_value=[object], source=unknown"}
{"logTime": "1002/141154", "level": "INFO", "message": "Preference changed: name=extensions.settings, new_value=[object], source=unknown"}
{"logTime": "1002/141154", "level": "INFO", "message": "Preference changed: name=extensions.settings, new_value=[object], source=unknown"}
{"logTime": "1002/141154", "level": "INFO", "message": "Preference changed: name=extensions.settings, new_value=[object], source=unknown"}
{"logTime": "1002/141154", "level": "INFO", "message": "Preference changed: name=extensions.settings, new_value=[object], source=unknown"}
{"logTime": "1002/141154", "level": "INFO", "message": "Preference changed: name=extensions.settings, new_value=[object], source=unknown"}
{"logTime": "1002/141154", "level": "INFO", "message": "Preference changed: name=extensions.settings, new_value=[object], source=unknown"}
{"logTime": "1002/141154", "level": "INFO", "message": "Preference changed: name=extensions.settings, new_value=[object], source=unknown"}
{"logTime": "1002/141154", "level": "INFO", "message": "Preference changed: name=extensions.settings, new_value=[object], source=unknown"}
{"logTime": "1002/141154", "level": "INFO", "message": "Preference changed: name=extensions.settings, new_value=[object], source=unknown"}
{"logTime": "1002/141154", "level": "INFO", "message": "Preference changed: name=extensions.settings, new_value=[object], source=unknown"}
{"logTime": "1002/141154", "level": "INFO", "message": "Preference changed: name=extensions.settings, new_value=[object], source=unknown"}
{"logTime": "1002/141154", "level": "INFO", "message": "Preference changed: name=extensions.settings, new_value=[object], source=unknown"}
{"logTime": "1002/141154", "level": "INFO", "message": "Preference changed: name=extensions.settings, new_value=[object], source=unknown"}
{"logTime": "1002/141154", "level": "INFO", "message": "Preference changed: name=extensions.settings, new_value=[object], source=unknown"}
{"logTime": "1002/141154", "level": "INFO", "message": "Preference changed: name=extensions.settings, new_value=[object], source=unknown"}
{"logTime": "1002/141154", "level": "INFO", "message": "Preference changed: name=extensions.settings, new_value=[object], source=unknown"}
{"logTime": "1002/141154", "level": "INFO", "message": "Preference changed: name=extensions.settings, new_value=[object], source=unknown"}
{"logTime": "1002/141154", "level": "INFO", "message": "Preference changed: name=extensions.settings, new_value=[object], source=unknown"}
{"logTime": "1002/141154", "level": "INFO", "message": "Preference changed: name=extensions.settings, new_value=[object], source=unknown"}
{"logTime": "1002/141154", "level": "INFO", "message": "Preference changed: name=extensions.settings, new_value=[object], source=unknown"}
{"logTime": "1002/141154", "level": "INFO", "message": "Preference changed: name=extensions.settings, new_value=[object], source=unknown"}
{"logTime": "1002/141154", "level": "INFO", "message": "Preference changed: name=extensions.settings, new_value=[object], source=unknown"}
{"logTime": "1002/141154", "level": "INFO", "message": "Preference changed: name=extensions.settings, new_value=[object], source=unknown"}
{"logTime": "1002/141154", "level": "INFO", "message": "Preference changed: name=extensions.settings, new_value=[object], source=unknown"}
{"logTime": "1002/141154", "level": "INFO", "message": "Preference changed: name=extensions.settings, new_value=[object], source=unknown"}
{"logTime": "1002/141154", "level": "INFO", "message": "Preference changed: name=extensions.settings, new_value=[object], source=unknown"}
{"logTime": "1002/141154", "level": "INFO", "message": "Preference changed: name=extensions.settings, new_value=[object], source=unknown"}
{"logTime": "1002/141154", "level": "INFO", "message": "Preference changed: name=extensions.settings, new_value=[object], source=unknown"}
{"logTime": "1002/141154", "level": "INFO", "message": "Preference changed: name=extensions.settings, new_value=[object], source=unknown"}
{"logTime": "1002/141154", "level": "INFO", "message": "Preference changed: name=extensions.settings, new_value=[object], source=unknown"}
{"logTime": "1002/141154", "level": "INFO", "message": "Preference changed: name=extensions.settings, new_value=[object], source=unknown"}
{"logTime": "1002/141154", "level": "INFO", "message": "Preference changed: name=extensions.settings, new_value=[object], source=unknown"}
{"logTime": "1002/141154", "level": "INFO", "message": "Preference changed: name=extensions.settings, new_value=[object], source=unknown"}
{"logTime": "1002/141154", "level": "INFO", "message": "Preference changed: name=extensions.settings, new_value=[object], source=unknown"}
{"logTime": "1002/141154", "level": "INFO", "message": "Preference changed: name=extensions.settings, new_value=[object], source=unknown"}
{"logTime": "1002/141154", "level": "INFO", "message": "Preference changed: name=extensions.settings, new_value=[object], source=unknown"}
{"logTime": "1002/141154", "level": "INFO", "message": "Preference changed: name=extensions.settings, new_value=[object], source=unknown"}
{"logTime": "1002/141154", "level": "INFO", "message": "Preference changed: name=extensions.settings, new_value=[object], source=unknown"}
{"logTime": "1002/141154", "level": "INFO", "message": "Preference changed: name=extensions.settings, new_value=[object], source=unknown"}
{"logTime": "1002/141154", "level": "INFO", "message": "Preference changed: name=extensions.settings, new_value=[object], source=unknown"}
{"logTime": "1002/141154", "level": "INFO", "message": "Preference changed: name=extensions.settings, new_value=[object], source=unknown"}
{"logTime": "1002/141154", "level": "INFO", "message": "Preference changed: name=extensions.settings, new_value=[object], source=unknown"}
{"logTime": "1002/141154", "level": "INFO", "message": "Preference changed: name=extensions.settings, new_value=[object], source=unknown"}
{"logTime": "1002/141154", "level": "INFO", "message": "Preference changed: name=extensions.settings, new_value=[object], source=unknown"}
{"logTime": "1002/141154", "level": "INFO", "message": "Preference changed: name=extensions.settings, new_value=[object], source=unknown"}
{"logTime": "1002/141154", "level": "INFO", "message": "Preference changed: name=extensions.settings, new_value=[object], source=unknown"}
{"logTime": "1002/141154", "level": "INFO", "message": "Preference changed: name=extensions.settings, new_value=[object], source=unknown"}
{"logTime": "1002/141154", "level": "INFO", "message": "Preference changed: name=extensions.settings, new_value=[object], source=unknown"}
{"logTime": "1002/141154", "level": "INFO", "message": "Preference changed: name=extensions.settings, new_value=[object], source=unknown"}
{"logTime": "1002/141154", "level": "INFO", "message": "Preference changed: name=extensions.settings, new_value=[object], source=unknown"}
{"logTime": "1002/141154", "level": "INFO", "message": "Preference changed: name=extensions.settings, new_value=[object], source=unknown"}
{"logTime": "1002/141154", "level": "INFO", "message": "Preference changed: name=extensions.settings, new_value=[object], source=unknown"}
{"logTime": "1002/141154", "level": "INFO", "message": "Preference changed: name=extensions.settings, new_value=[object], source=unknown"}
{"logTime": "1002/141154", "level": "INFO", "message": "Preference changed: name=extensions.settings, new_value=[object], source=unknown"}
{"logTime": "1002/141154", "level": "INFO", "message": "Preference changed: name=extensions.settings, new_value=[object], source=unknown"}
{"logTime": "1002/141154", "level": "INFO", "message": "Preference changed: name=extensions.settings, new_value=[object], source=unknown"}
{"logTime": "1002/141154", "level": "INFO", "message": "Preference changed: name=extensions.settings, new_value=[object], source=unknown"}
{"logTime": "1002/141154", "level": "INFO", "message": "Preference changed: name=extensions.settings, new_value=[object], source=unknown"}
{"logTime": "1002/141154", "level": "INFO", "message": "Preference changed: name=extensions.settings, new_value=[object], source=unknown"}
{"logTime": "1002/141154", "level": "INFO", "message": "Preference changed: name=extensions.settings, new_value=[object], source=unknown"}
{"logTime": "1002/141154", "level": "INFO", "message": "Preference changed: name=extensions.settings, new_value=[object], source=unknown"}
{"logTime": "1002/141154", "level": "INFO", "message": "Preference changed: name=extensions.settings, new_value=[object], source=unknown"}
{"logTime": "1002/141154", "level": "INFO", "message": "Preference changed: name=extensions.settings, new_value=[object], source=unknown"}
{"logTime": "1002/141154", "level": "INFO", "message": "Preference changed: name=extensions.settings, new_value=[object], source=unknown"}
{"logTime": "1002/141154", "level": "INFO", "message": "Preference changed: name=extensions.settings, new_value=[object], source=unknown"}
{"logTime": "1002/141154", "level": "INFO", "message": "Preference changed: name=extensions.settings, new_value=[object], source=unknown"}
{"logTime": "1002/141154", "level": "INFO", "message": "Preference changed: name=extensions.settings, new_value=[object], source=unknown"}
{"logTime": "1002/141154", "level": "INFO", "message": "Preference changed: name=extensions.settings, new_value=[object], source=unknown"}
{"logTime": "1002/141154", "level": "INFO", "message": "Preference changed: name=extensions.settings, new_value=[object], source=unknown"}
{"logTime": "1002/141154", "level": "INFO", "message": "Preference changed: name=extensions.settings, new_value=[object], source=unknown"}
{"logTime": "1002/141154", "level": "INFO", "message": "Preference changed: name=extensions.settings, new_value=[object], source=unknown"}
{"logTime": "1002/141154", "level": "INFO", "message": "Preference changed: name=extensions.settings, new_value=[object], source=unknown"}
{"logTime": "1002/141154", "level": "INFO", "message": "Preference changed: name=extensions.settings, new_value=[object], source=unknown"}
{"logTime": "1002/141154", "level": "INFO", "message": "Preference changed: name=extensions.settings, new_value=[object], source=unknown"}
{"logTime": "1002/141154", "level": "INFO", "message": "Preference changed: name=extensions.settings, new_value=[object], source=unknown"}
{"logTime": "1002/141154", "level": "INFO", "message": "Preference changed: name=extensions.settings, new_value=[object], source=unknown"}
{"logTime": "1002/141154", "level": "INFO", "message": "Preference changed: name=extensions.settings, new_value=[object], source=unknown"}
{"logTime": "1002/141154", "level": "INFO", "message": "Preference changed: name=extensions.settings, new_value=[object], source=unknown"}
{"logTime": "1002/141154", "level": "INFO", "message": "Preference changed: name=extension.installed_extension_count, new_value=9, source=unknown"}
{"logTime": "1002/141154", "level": "INFO", "message": "Preference changed: name=profile.password_hash_data_list, new_value=[object], source=unknown"}
{"logTime": "1002/141154", "level": "INFO", "message": "Preference changed: name=continuous_migration.equal_opt_out_users_data.backfilled, new_value=true, source=unknown"}
{"logTime": "1002/141154", "level": "INFO", "message": "Preference changed: name=edge.profile_sso_info.is_first_profile, new_value=true, source=unknown"}
{"logTime": "1002/141154", "level": "INFO", "message": "Preference changed: name=edge.profile_sso_info.aad_sso_algo_state, new_value=1, source=unknown"}
{"logTime": "1002/141154", "level": "INFO", "message": "Preference changed: name=edge.msa_sso_info.allow_for_non_msa_profile, new_value=true, source=unknown"}
{"logTime": "1002/141154", "level": "INFO", "message": "Preference changed: name=edge.profile_sso_info.is_msa_first_profile, new_value=true, source=unknown"}
{"logTime": "1002/141154", "level": "INFO", "message": "Preference changed: name=edge.profile_sso_info.msa_sso_algo_state, new_value=1, source=unknown"}
{"logTime": "1002/141154", "level": "INFO", "message": "Preference changed: name=browser.available_dark_theme_options, new_value=\"All\", source=unknown"}
{"logTime": "1002/141154", "level": "INFO", "message": "Preference changed: name=optimization_guide.previously_registered_optimization_types, new_value=[object], source=unknown"}
{"logTime": "1002/141154", "level": "INFO", "message": "Preference changed: name=browser.show_toolbar_workspaces_button, new_value=false, source=unknown"}
{"logTime": "1002/141154", "level": "INFO", "message": "Preference changed: name=browser.show_downloads_hub_pinned, new_value=false, source=unknown"}
{"logTime": "1002/141154", "level": "INFO", "message": "Preference changed: name=toolbar.pinned_chrome_labs_migration_complete, new_value=true, source=unknown"}
{"logTime": "1002/141154", "level": "INFO", "message": "Preference changed: name=toolbar.pinned_cast_migration_complete, new_value=true, source=unknown"}
{"logTime": "1002/141154", "level": "INFO", "message": "Preference changed: name=in_product_help.session_start_time, new_value=\"13435423914611169\", source=unknown"}
{"logTime": "1002/141154", "level": "INFO", "message": "Preference changed: name=in_product_help.session_number, new_value=2, source=unknown"}
{"logTime": "1002/141154", "level": "INFO", "message": "Preference changed: name=in_product_help.session_last_active_time, new_value=\"13435423914611169\", source=unknown"}
{"logTime": "1002/141154", "level": "INFO", "message": "Preference changed: name=in_product_help.recent_session_enabled_time, new_value=\"13435423914611169\", source=unknown"}
{"logTime": "1002/141154", "level": "INFO", "message": "Preference changed: name=in_product_help.recent_session_start_times, new_value=[object], source=unknown"}
{"logTime": "1002/141154", "level": "INFO", "message": "Preference changed: name=media_router.receiver_id_hash_token, new_value=\"L2pMbomFTeOIfyLmzEjF3JpuYl+N9Rw6ctoGuB67x4AqWxMNr6t1DfU5VOlLnsY+8GtXeYVXEnpuAYHTPnQYIg==\", source=unknown"}
{"logTime": "1002/141154", "level": "INFO", "message": "Preference changed: name=media.engagement.schema_version, new_value=5, source=unknown"}
{"logTime": "1002/141154", "level": "INFO", "message": "Preference changed: name=intl.selected_languages, new_value=\"en-US,en\", source=unknown"}
{"logTime": "1002/141154", "level": "INFO", "message": "Preference changed: name=edge_rewards.cache_data, new_value=\"CAA=\", source=unknown"}
{"logTime": "1002/141154", "level": "INFO", "message": "Preference changed: name=edge_rewards.refresh_status_muted_until, new_value=\"13436028714631876\", source=unknown"}
{"logTime": "1002/141154", "level": "INFO", "message": "Preference changed: name=optimization_guide.previously_registered_optimization_types, new_value=[object], source=unknown"}
{"logTime": "1002/141154", "level": "INFO", "message": "Preference changed: name=profile.content_settings.exceptions.storage_access_header_origin_trial, new_value=[object], source=unknown"}
{"logTime": "1002/141154", "level": "INFO", "message": "Preference changed: name=edge_wallet.trigger_funnel.records, new_value=[object], source=unknown"}
{"logTime": "1002/141154", "level": "INFO", "message": "Preference changed: name=shopping.dma_telemetry_expiration_time, new_value=\"13435510314658844\", source=unknown"}
{"logTime": "1002/141154", "level": "INFO", "message": "Preference changed: name=shopping.contextual_features_enabled, new_value=true, source=unknown"}
{"logTime": "1002/141154", "level": "INFO", "message": "Preference changed: name=sync.keep_everything_synced, new_value=false, source=unknown"}
{"logTime": "1002/141154", "level": "INFO", "message": "Preference changed: name=sync.bookmarks, new_value=true, source=unknown"}
{"logTime": "1002/141154", "level": "INFO", "message": "Preference changed: name=sync.preferences, new_value=true, source=unknown"}
{"logTime": "1002/141154", "level": "INFO", "message": "Preference changed: name=sync.passwords, new_value=true, source=unknown"}
{"logTime": "1002/141154", "level": "INFO", "message": "Preference changed: name=sync.autofill, new_value=true, source=unknown"}
{"logTime": "1002/141154", "level": "INFO", "message": "Preference changed: name=sync.typed_urls, new_value=true, source=unknown"}
{"logTime": "1002/141154", "level": "INFO", "message": "Preference changed: name=sync.extensions, new_value=true, source=unknown"}
{"logTime": "1002/141154", "level": "INFO", "message": "Preference changed: name=sync.apps, new_value=true, source=unknown"}
{"logTime": "1002/141154", "level": "INFO", "message": "Preference changed: name=sync.tabs, new_value=true, source=unknown"}
{"logTime": "1002/141154", "level": "INFO", "message": "Preference changed: name=sync.edge_workspaces, new_value=true, source=unknown"}
{"logTime": "1002/141154", "level": "INFO", "message": "Preference changed: name=sync.collections_edge_re_evaluated, new_value=true, source=unknown"}
{"logTime": "1002/141154", "level": "INFO", "message": "Preference changed: name=sync.history_edge_supported, new_value=true, source=unknown"}
{"logTime": "1002/141154", "level": "INFO", "message": "Preference changed: name=sync.extensions_edge_supported, new_value=true, source=unknown"}
{"logTime": "1002/141154", "level": "INFO", "message": "Preference changed: name=sync.tabs_edge_supported, new_value=true, source=unknown"}
{"logTime": "1002/141154", "level": "INFO", "message": "Preference changed: name=sync.edge_workspaces_edge_supported, new_value=true, source=unknown"}
{"logTime": "1002/141154", "level": "INFO", "message": "Preference changed: name=schedule_to_flush_to_disk, new_value=\"13435423914714068\", source=unknown"}
{"logTime": "1002/141154", "level": "INFO", "message": "Preference changed: name=schedule_to_flush_to_disk, new_value=\"13435423914714592\", source=unknown"}
{"logTime": "1002/141154", "level": "INFO", "message": "Preference changed: name=muid.last_sync, new_value=\"13435423914714812\", source=unknown"}
{"logTime": "1002/141154", "level": "INFO", "message": "Preference changed: name=bookmark.storage_computation_last_update, new_value=\"13435423914714940\", source=unknown"}
{"logTime": "1002/141154", "level": "INFO", "message": "Preference changed: name=ntp.num_personal_suggestions, new_value=1, source=unknown"}
{"logTime": "1002/141154", "level": "INFO", "message": "Preference changed: name=commerce_daily_metrics_last_update_time, new_value=\"13435423914719153\", source=unknown"}
{"logTime": "1002/141154", "level": "INFO", "message": "Preference changed: name=dual_engine.sitelist_location, new_value=\"\", source=unknown"}
{"logTime": "1002/141154", "level": "INFO", "message": "Preference changed: name=dual_engine.sitelist_source, new_value=0, source=unknown"}
{"logTime": "1002/141154", "level": "INFO", "message": "Preference changed: name=dual_engine.consumer_sitelist_location, new_value=\"\", source=unknown"}
{"logTime": "1002/141154", "level": "INFO", "message": "Preference changed: name=dual_engine.sitelist_has_enterprise_data, new_value=false, source=unknown"}
{"logTime": "1002/141154", "level": "INFO", "message": "Preference changed: name=dual_engine.shared_cookie_data, new_value=[object], source=unknown"}
{"logTime": "1002/141154", "level": "INFO", "message": "Preference changed: name=dual_engine.sitelist_version, new_value=\"\", source=unknown"}
{"logTime": "1002/141154", "level": "INFO", "message": "Preference changed: name=dual_engine.sitelist_has_consumer_data, new_value=false, source=unknown"}
{"logTime": "1002/141154", "level": "INFO", "message": "Preference changed: name=dual_engine.consumer_site_list_with_ie_entries, new_value=false, source=unknown"}
{"logTime": "1002/141154", "level": "INFO", "message": "Preference changed: name=dual_engine.consumer_sitelist_version, new_value=\"\", source=unknown"}
{"logTime": "1002/141154", "level": "INFO", "message": "Preference changed: name=extensions.settings, new_value=[object], source=unknown"}
{"logTime": "1002/141154", "level": "INFO", "message": "Preference changed: name=extensions.settings, new_value=[object], source=unknown"}
{"logTime": "1002/141154", "level": "INFO", "message": "Preference changed: name=extensions.settings, new_value=[object], source=unknown"}
{"logTime": "1002/141154", "level": "INFO", "message": "Preference changed: name=extensions.settings, new_value=[object], source=unknown"}
{"logTime": "1002/141154", "level": "INFO", "message": "Preference changed: name=extensions.settings, new_value=[object], source=unknown"}
{"logTime": "1002/141154", "level": "INFO", "message": "Preference changed: name=extensions.settings, new_value=[object], source=unknown"}
{"logTime": "1002/141154", "level": "INFO", "message": "Preference changed: name=extensions.settings, new_value=[object], source=unknown"}
{"logTime": "1002/141154", "level": "INFO", "message": "Preference changed: name=extensions.settings, new_value=[object], source=unknown"}
{"logTime": "1002/141154", "level": "INFO", "message": "Preference changed: name=extensions.settings, new_value=[object], source=unknown"}
{"logTime": "1002/141154", "level": "INFO", "message": "Preference changed: name=extensions.settings, new_value=[object], source=unknown"}
{"logTime": "1002/141154", "level": "INFO", "message": "Preference changed: name=extensions.settings, new_value=[object], source=unknown"}
{"logTime": "1002/141154", "level": "INFO", "message": "Preference changed: name=extensions.settings, new_value=[object], source=unknown"}
{"logTime": "1002/141154", "level": "INFO", "message": "Preference changed: name=extensions.settings, new_value=[object], source=unknown"}
{"logTime": "1002/141154", "level": "INFO", "message": "Preference changed: name=extensions.settings, new_value=[object], source=unknown"}
{"logTime": "1002/141154", "level": "INFO", "message": "Preference changed: name=extensions.settings, new_value=[object], source=unknown"}
{"logTime": "1002/141154", "level": "INFO", "message": "Preference changed: name=extensions.settings, new_value=[object], source=unknown"}
{"logTime": "1002/141154", "level": "INFO", "message": "Preference changed: name=extensions.settings, new_value=[object], source=unknown"}
{"logTime": "1002/141154", "level": "INFO", "message": "Preference changed: name=extensions.settings, new_value=[object], source=unknown"}
{"logTime": "1002/141154", "level": "INFO", "message": "Preference changed: name=extensions.chrome_url_overrides, new_value=[object], source=unknown"}
{"logTime": "1002/141154", "level": "INFO", "message": "Preference changed: name=extensions.pinned_extensions, new_value=[object], source=unknown"}
{"logTime": "1002/141154", "level": "INFO", "message": "Preference changed: name=extensions.pinned_extension_migration, new_value=true, source=unknown"}
{"logTime": "1002/141154", "level": "INFO", "message": "Preference changed: name=edge.services.signin_scoped_device_id, new_value=\"5a9e05f2-aaa4-4cac-9257-7d757b890ae9\", source=unknown"}
{"logTime": "1002/141154", "level": "INFO", "message": "Preference changed: name=account_tracker_service_last_update, new_value=\"13435423914819623\", source=unknown"}
{"logTime": "1002/141154", "level": "INFO", "message": "Preference changed: name=autofill.ai_last_version_deduped, new_value=154, source=unknown"}
{"logTime": "1002/141154", "level": "INFO", "message": "Preference changed: name=autofill.last_version_deduped, new_value=154, source=unknown"}
{"logTime": "1002/141154", "level": "INFO", "message": "Preference changed: name=autofill.edge_autofill_purge_low_quality_profiles_by_timeline, new_value=false, source=unknown"}
{"logTime": "1002/141154", "level": "INFO", "message": "Preference changed: name=optimization_guide.previously_registered_optimization_types, new_value=[object], source=unknown"}
{"logTime": "1002/141154", "level": "INFO", "message": "Preference changed: name=autocomplete.retention_policy_last_version, new_value=154, source=unknown"}
{"logTime": "1002/141154", "level": "INFO", "message": "Preference changed: name=typosquatting.allowlist_migration_done, new_value=true, source=unknown"}
{"logTime": "1002/141154", "level": "INFO", "message": "Preference changed: name=shopping.rdx_mode_enabled, new_value=false, source=unknown"}
{"logTime": "1002/141154", "level": "INFO", "message": "Preference changed: name=shopping.rdx_mode_cached, new_value=true, source=unknown"}
{"logTime": "1002/141154", "level": "INFO", "message": "Preference changed: name=profile.edge_user_with_non_zero_passwords, new_value=false, source=unknown"}
{"logTime": "1002/141154", "level": "INFO", "message": "Preference changed: name=profile.edge_password_is_using_new_login_db_path, new_value=false, source=unknown"}
{"logTime": "1002/141154", "level": "INFO", "message": "Preference changed: name=profile.edge_password_login_db_path_flip_flop_count, new_value=0, source=unknown"}
{"logTime": "1002/141154", "level": "INFO", "message": "Preference changed: name=web_apps.link_handling_info.enabled_for_installed_apps, new_value=true, source=unknown"}
{"logTime": "1002/141154", "level": "INFO", "message": "Preference changed: name=apps.shortcuts_version, new_value=1, source=unknown"}
{"logTime": "1002/141154", "level": "INFO", "message": "Preference changed: name=apps.shortcuts_arch, new_value=\"\", source=unknown"}
{"logTime": "1002/141154", "level": "INFO", "message": "Preference changed: name=apps.shortcuts_os_version, new_value=\"\", source=unknown"}
{"logTime": "1002/141154", "level": "INFO", "message": "Preference changed: name=saved_tab_groups.specifics_to_data_migration, new_value=true, source=unknown"}
{"logTime": "1002/141154", "level": "INFO", "message": "Preference changed: name=browser.underside_chat_bing_signed_in_status, new_value=false, source=unknown"}
{"logTime": "1002/141154", "level": "INFO", "message": "Preference changed: name=muid.values_seen, new_value=[object], source=unknown"}
{"logTime": "1002/141155", "level": "INFO", "message": "Preference changed: name=extensions.settings, new_value=[object], source=unknown"}
{"logTime": "1002/141155", "level": "INFO", "message": "Preference changed: name=extensions.settings, new_value=[object], source=unknown"}
{"logTime": "1002/141155", "level": "INFO", "message": "Preference changed: name=extensions.settings, new_value=[object], source=unknown"}
{"logTime": "1002/141155", "level": "INFO", "message": "Preference changed: name=extensions.settings, new_value=[object], source=unknown"}
{"logTime": "1002/141155", "level": "INFO", "message": "Preference changed: name=extensions.settings, new_value=[object], source=unknown"}
{"logTime": "1002/141155", "level": "INFO", "message": "Preference changed: name=extensions.settings, new_value=[object], source=unknown"}
{"logTime": "1002/141155", "level": "INFO", "message": "Preference changed: name=extensions.settings, new_value=[object], source=unknown"}
{"logTime": "1002/141155", "level": "INFO", "message": "Preference changed: name=extensions.settings, new_value=[object], source=unknown"}
{"logTime": "1002/141155", "level": "INFO", "message": "Preference changed: name=extensions.settings, new_value=[object], source=unknown"}
{"logTime": "1002/141155", "level": "INFO", "message": "Preference changed: name=extensions.settings, new_value=[object], source=unknown"}
{"logTime": "1002/141155", "level": "INFO", "message": "Preference changed: name=extensions.settings, new_value=[object], source=unknown"}
{"logTime": "1002/141155", "level": "INFO", "message": "Preference changed: name=extensions.settings, new_value=[object], source=unknown"}
{"logTime": "1002/141155", "level": "INFO", "message": "Preference changed: name=extensions.settings, new_value=[object], source=unknown"}
{"logTime": "1002/141155", "level": "INFO", "message": "Preference changed: name=extensions.settings, new_value=[object], source=unknown"}
{"logTime": "1002/141155", "level": "INFO", "message": "Preference changed: name=extensions.settings, new_value=[object], source=unknown"}
{"logTime": "1002/141155", "level": "INFO", "message": "Preference changed: name=extensions.settings, new_value=[object], source=unknown"}
{"logTime": "1002/141155", "level": "INFO", "message": "Preference changed: name=profile.exit_type, new_value=\"Crashed\", source=unknown"}
{"logTime": "1002/141155", "level": "INFO", "message": "Preference changed: name=profile.content_settings.exceptions.site_engagement, new_value=[object], source=unknown"}
{"logTime": "1002/141155", "level": "INFO", "message": "Preference changed: name=profile.last_engagement_time, new_value=\"13435423915307948\", source=unknown"}
{"logTime": "1002/141155", "level": "INFO", "message": "Preference changed: name=fsd.retention_policy_last_version, new_value=154, source=unknown"}
{"logTime": "1002/141155", "level": "INFO", "message": "Preference changed: name=language_model_counters, new_value=[object], source=unknown"}
{"logTime": "1002/141155", "level": "INFO", "message": "Preference changed: name=extensions.settings, new_value=[object], source=unknown"}
{"logTime": "1002/141155", "level": "INFO", "message": "Preference changed: name=extensions.settings, new_value=[object], source=unknown"}
{"logTime": "1002/141156", "level": "INFO", "message": "Preference changed: name=profiles.last_swag_account_type, new_value=1, source=unknown"}
{"logTime": "1002/141156", "level": "INFO", "message": "Preference changed: name=aadc_info.age_group, new_value=0, source=unknown"}
{"logTime": "1002/141156", "level": "INFO", "message": "Preference changed: name=account_info, new_value=[object], source=unknown"}
{"logTime": "1002/141156", "level": "INFO", "message": "Preference changed: name=edge.account_type, new_value=1, source=unknown"}
{"logTime": "1002/141156", "level": "INFO", "message": "Preference changed: name=edge.services.account_id, new_value=\"373bb49f8966d7ee\", source=unknown"}
{"logTime": "1002/141156", "level": "INFO", "message": "Preference changed: name=google.services.consented_to_sync, new_value=true, source=unknown"}
{"logTime": "1002/141156", "level": "INFO", "message": "Preference changed: name=google.services.last_signed_in_username, new_value=\"saivenieeli@gmail.com\", source=unknown"}
{"logTime": "1002/141156", "level": "INFO", "message": "Preference changed: name=edge.services.last_gaia_id, new_value=\"373bb49f8966d7ee\", source=unknown"}
{"logTime": "1002/141156", "level": "INFO", "message": "Preference changed: name=edge.services.last_username, new_value=\"saivenieeli@gmail.com\", source=unknown"}
{"logTime": "1002/141156", "level": "INFO", "message": "Preference changed: name=edge.profile_matches_os_primary_account, new_value=false, source=unknown"}
{"logTime": "1002/141156", "level": "INFO", "message": "Preference changed: name=signin.signin_with_explicit_browser_signin_on, new_value=true, source=unknown"}
{"logTime": "1002/141156", "level": "INFO", "message": "Preference changed: name=signin.accounts_metadata_dict, new_value=[object], source=unknown"}
{"logTime": "1002/141156", "level": "INFO", "message": "Preference changed: name=safebrowsing.advanced_protection_last_refresh, new_value=\"13435423916706201\", source=unknown"}
{"logTime": "1002/141156", "level": "INFO", "message": "Preference changed: name=edge.merge_chats_status.status, new_value=0, source=unknown"}
{"logTime": "1002/141156", "level": "INFO", "message": "Preference changed: name=edge.merge_chats_status.primary_account_id, new_value=\"373bb49f8966d7ee\", source=unknown"}
{"logTime": "1002/141156", "level": "INFO", "message": "Preference changed: name=google.services.signin.LAST_SIGNIN_ACCESS_POINT.value, new_value=\"17\", source=unknown"}
{"logTime": "1002/141156", "level": "INFO", "message": "Preference changed: name=google.services.signin.LAST_SIGNIN_ACCESS_POINT.time, new_value=\"2026-10-02T14:11:56.707Z\", source=unknown"}
{"logTime": "1002/141156", "level": "INFO", "message": "Preference changed: name=sync.edge_account_type, new_value=1, source=unknown"}
{"logTime": "1002/141156", "level": "INFO", "message": "Preference changed: name=sync.transport_data_per_account, new_value=[object], source=unknown"}
{"logTime": "1002/141156", "level": "INFO", "message": "Preference changed: name=sync.transport_data_per_account, new_value=[object], source=unknown"}
{"logTime": "1002/141156", "level": "INFO", "message": "Preference changed: name=sync.gaia_id, new_value=\"373bb49f8966d7ee\", source=unknown"}
{"logTime": "1002/141156", "level": "INFO", "message": "Preference changed: name=edge.msa_sso_info.allow_for_non_msa_profile, new_value=false, source=unknown"}
{"logTime": "1002/141156", "level": "INFO", "message": "Preference changed: name=edge.profile_sso_info.msa_sso_algo_state, new_value=2, source=unknown"}
{"logTime": "1002/141156", "level": "INFO", "message": "Preference changed: name=edge.profile_sso_info.msa_sso_state_reached_by, new_value=3, source=unknown"}
{"logTime": "1002/141156", "level": "INFO", "message": "Preference changed: name=edge.workspaces.state, new_value=\"{\\\"edgeWorkspacePrefsVersion\\\":2,\\\"enableFluid\\\":true,\\\"failedRestartSpaceId\\\":\\\"\\\",\\\"failedToConnectToFluid\\\":false,\\\"fluidMigrationStatus\\\":false,\\\"fluidStatus\\\":0,\\\"fre_shown\\\":false,\\\"fromCache\\\":false,\\\"isFluidPreferencesConnected\\\":false,\\\"isSpaceOpening\\\":false,\\\"openingSpaceId\\\":\\\"\\\",\\\"statusForScreenReaders\\\":\\\"\\\",\\\"workspacePopupMode\\\":9,\\\"workspacesForExternalLinks\\\":[]}\", source=unknown"}
{"logTime": "1002/141156", "level": "INFO", "message": "Preference changed: name=visual_search.dma_state, new_value=1, source=unknown"}
{"logTime": "1002/141156", "level": "INFO", "message": "Preference changed: name=nurturing.time_of_last_sync_consent_view, new_value=\"13435423916780361\", source=unknown"}
{"logTime": "1002/141156", "level": "INFO", "message": "PrefStore write completed: store=4, success=true"}
{"logTime": "1002/141156", "level": "INFO", "message": "PrefStore write completed: store=4, success=true"}
{"logTime": "1002/141156", "level": "INFO", "message": "Preference changed: name=sync.cached_persistent_auth_error, new_value=false, source=unknown"}
{"logTime": "1002/141156", "level": "INFO", "message": "PrefStore write completed: store=4, success=true"}
{"logTime": "1002/141156", "level": "INFO", "message": "PrefStore write completed: store=4, success=true"}
{"logTime": "1002/141156", "level": "INFO", "message": "Preference changed: name=sync.has_been_enabled, new_value=true, source=unknown"}
{"logTime": "1002/141156", "level": "INFO", "message": "Preference changed: name=sync_consent_recorded, new_value=true, source=unknown"}
{"logTime": "1002/141156", "level": "INFO", "message": "Preference changed: name=sync.has_setup_completed, new_value=true, source=unknown"}
{"logTime": "1002/141156", "level": "INFO", "message": "Preference changed: name=sync.keep_everything_synced, new_value=true, source=unknown"}
{"logTime": "1002/141157", "level": "INFO", "message": "Preference changed: name=edge_copilot.msa_eligibility_info, new_value=[object], source=unknown"}
{"logTime": "1002/141157", "level": "INFO", "message": "Preference changed: name=collections.prism_collections.policy.cached, new_value=2, source=unknown"}
{"logTime": "1002/141157", "level": "INFO", "message": "Preference changed: name=collections.prism_collections.enabled, new_value=0, source=unknown"}
{"logTime": "1002/141157", "level": "INFO", "message": "Preference changed: name=edge_cloud_messaging.cached_target_token.target_token, new_value=\"CvA/01z3w+o9ogLtPN/iBw==$ZPR1BLn2lyFNm7mMPEaavd3J3/uFy2lG3YLZdRP8kWMGNezlTRCSBG951+8hLs383XVB+vVbTJaIcYYd5ceHfkA/3qvAoHItvqSDrKlENAGdLT29GKt4tuivIgAg7oplCOZDsc4PG8x0kv+IHSno2fEiPDR/vjCkoamtdgQtQ08=\", source=unknown"}
{"logTime": "1002/141157", "level": "INFO", "message": "Preference changed: name=edge_cloud_messaging.cached_target_token.cv, new_value=\"1158405735437060096\", source=unknown"}
{"logTime": "1002/141157", "level": "INFO", "message": "Preference changed: name=edge_cloud_messaging.cached_target_token.time, new_value=\"13435423917163034\", source=unknown"}
{"logTime": "1002/141157", "level": "INFO", "message": "Preference changed: name=muid.values_seen, new_value=[object], source=unknown"}
{"logTime": "1002/141157", "level": "INFO", "message": "Preference changed: name=safebrowsing.advanced_protection_last_refresh, new_value=\"13435423917230581\", source=unknown"}
{"logTime": "1002/141157", "level": "INFO", "message": "Preference changed: name=account_info, new_value=[object], source=unknown"}
{"logTime": "1002/141157", "level": "INFO", "message": "Preference changed: name=edge_pinning_campaign.precomputed_campaign_data, new_value=[object], source=unknown"}
{"logTime": "1002/141157", "level": "INFO", "message": "Preference changed: name=web_apps.last_preinstall_synchronize_version, new_value=\"154\", source=unknown"}
{"logTime": "1002/141157", "level": "INFO", "message": "Preference changed: name=web_apps.did_migrate_default_chrome_apps, new_value=[object], source=unknown"}
{"logTime": "1002/141157", "level": "INFO", "message": "Preference changed: name=web_apps.did_migrate_default_chrome_apps, new_value=[object], source=unknown"}
{"logTime": "1002/141157", "level": "INFO", "message": "Preference changed: name=edge_rewards.hva_promotions, new_value=[object], source=unknown"}
{"logTime": "1002/141157", "level": "INFO", "message": "Preference changed: name=edge_rewards.promotions, new_value=[object], source=unknown"}
{"logTime": "1002/141157", "level": "INFO", "message": "Preference changed: name=edge_rewards.hva_promotions, new_value=[object], source=unknown"}
{"logTime": "1002/141157", "level": "INFO", "message": "Preference changed: name=edge_rewards.user_is_conscious, new_value=true, source=unknown"}
{"logTime": "1002/141157", "level": "INFO", "message": "Preference changed: name=edge_rewards.cache_data, new_value=\"CAEQ0QFKAmlu\", source=unknown"}
{"logTime": "1002/141157", "level": "INFO", "message": "Preference changed: name=import_items_failure_state.reimport.ie_react, new_value=62432, source=unknown"}
{"logTime": "1002/141157", "level": "INFO", "message": "Preference changed: name=personalization_data_consent.personalization_in_context_count, new_value=0, source=unknown"}
{"logTime": "1002/141157", "level": "INFO", "message": "Preference changed: name=personalization_data_consent.personalization_in_context_consent_can_prompt, new_value=true, source=unknown"}
{"logTime": "1002/141157", "level": "INFO", "message": "Preference changed: name=edge_rewards.referral_hash, new_value=\"m4PX9BhEMdM\", source=unknown"}
{"logTime": "1002/141158", "level": "INFO", "message": "Preference changed: name=edge_triggering.config_version, new_value=\"1.42.2\", source=unknown"}
{"logTime": "1002/141158", "level": "INFO", "message": "Preference changed: name=optimization_guide.hintsfetcher.hosts_successfully_fetched, new_value=[object], source=unknown"}
{"logTime": "1002/141158", "level": "INFO", "message": "Preference changed: name=pinned_sites.pin_metadata, new_value=[object], source=unknown"}
{"logTime": "1002/141158", "level": "INFO", "message": "Preference changed: name=extensions.settings, new_value=[object], source=unknown"}
{"logTime": "1002/141158", "level": "INFO", "message": "Preference changed: name=extensions.settings, new_value=[object], source=unknown"}
{"logTime": "1002/141158", "level": "INFO", "message": "Preference changed: name=extensions.settings, new_value=[object], source=unknown"}
{"logTime": "1002/141158", "level": "INFO", "message": "Preference changed: name=extensions.settings, new_value=[object], source=unknown"}
{"logTime": "1002/141158", "level": "INFO", "message": "Preference changed: name=extensions.settings, new_value=[object], source=unknown"}
{"logTime": "1002/141158", "level": "INFO", "message": "Preference changed: name=extensions.settings, new_value=[object], source=unknown"}
{"logTime": "1002/141158", "level": "INFO", "message": "Preference changed: name=extensions.settings, new_value=[object], source=unknown"}
{"logTime": "1002/141158", "level": "INFO", "message": "Preference changed: name=extensions.settings, new_value=[object], source=unknown"}
{"logTime": "1002/141158", "level": "INFO", "message": "Preference changed: name=extensions.settings, new_value=[object], source=unknown"}
{"logTime": "1002/141158", "level": "INFO", "message": "Preference changed: name=extensions.settings, new_value=[object], source=unknown"}
{"logTime": "1002/141158", "level": "INFO", "message": "Preference changed: name=extensions.settings, new_value=[object], source=unknown"}
{"logTime": "1002/141158", "level": "INFO", "message": "Preference changed: name=extensions.settings, new_value=[object], source=unknown"}
{"logTime": "1002/141158", "level": "INFO", "message": "Preference changed: name=extensions.settings, new_value=[object], source=unknown"}
{"logTime": "1002/141158", "level": "INFO", "message": "Preference changed: name=extensions.settings, new_value=[object], source=unknown"}
{"logTime": "1002/141158", "level": "INFO", "message": "Preference changed: name=extensions.settings, new_value=[object], source=unknown"}
{"logTime": "1002/141158", "level": "INFO", "message": "Preference changed: name=extensions.settings, new_value=[object], source=unknown"}
{"logTime": "1002/141158", "level": "INFO", "message": "Preference changed: name=extensions.settings, new_value=[object], source=unknown"}
{"logTime": "1002/141158", "level": "INFO", "message": "Preference changed: name=sync.cached_passphrase_type, new_value=2, source=unknown"}
{"logTime": "1002/141158", "level": "INFO", "message": "Preference changed: name=sync.transport_data_per_account, new_value=[object], source=unknown"}
{"logTime": "1002/141158", "level": "INFO", "message": "Preference changed: name=sync.transport_data_per_account, new_value=[object], source=unknown"}
{"logTime": "1002/141158", "level": "INFO", "message": "Preference changed: name=sync.transport_data_per_account, new_value=[object], source=unknown"}
{"logTime": "1002/141158", "level": "INFO", "message": "Preference changed: name=sync.cached_trusted_vault_auto_upgrade_experiment_group, new_value=\"\", source=unknown"}
{"logTime": "1002/141158", "level": "INFO", "message": "Preference changed: name=sync.local_device_guids_with_timestamp, new_value=[object], source=unknown"}
{"logTime": "1002/141158", "level": "INFO", "message": "Preference changed: name=sync.local_device_guids_with_timestamp, new_value=[object], source=unknown"}
{"logTime": "1002/141158", "level": "INFO", "message": "Preference changed: name=extensions.microsoft_install_signature, new_value=[object], source=unknown"}
{"logTime": "1002/141159", "level": "INFO", "message": "Preference changed: name=sync.keystore_encryption_key_state, new_value=\"eyJkb3dubG9hZF9rZXlfcmVzdWx0Ijp0cnVlLCJleHBpcmF0aW9uX3RpbWUiOjE3OTEwMzY3MTkuMTA4OTc5LCJodHRwX3Jlc3BvbnNlX2NvZGUiOjIwMCwia2V5X2NvdW50Ijo3LCJrZXlfdmFsaWRhdGlvbl90aW1lIjowLjAsIm5ldF9lcnJvcl9jb2RlIjoxLCJwcm9jZXNzX2tleV9yZXN1bHQiOjAsInNldF9rZXlfcmVzdWx0Ijp0cnVlfQ==\", source=unknown"}
{"logTime": "1002/141159", "level": "INFO", "message": "Preference changed: name=extensions.settings, new_value=[object], source=unknown"}
{"logTime": "1002/141159", "level": "INFO", "message": "Preference changed: name=extensions.settings, new_value=[object], source=unknown"}
{"logTime": "1002/141159", "level": "INFO", "message": "Preference changed: name=extensions.settings, new_value=[object], source=unknown"}
{"logTime": "1002/141159", "level": "INFO", "message": "Preference changed: name=extensions.settings, new_value=[object], source=unknown"}
{"logTime": "1002/141159", "level": "INFO", "message": "Preference changed: name=extensions.settings, new_value=[object], source=unknown"}
{"logTime": "1002/141159", "level": "INFO", "message": "Preference changed: name=extensions.settings, new_value=[object], source=unknown"}
{"logTime": "1002/141159", "level": "INFO", "message": "Preference changed: name=extensions.settings, new_value=[object], source=unknown"}
{"logTime": "1002/141159", "level": "INFO", "message": "Preference changed: name=extensions.settings, new_value=[object], source=unknown"}
{"logTime": "1002/141159", "level": "INFO", "message": "Preference changed: name=extensions.settings, new_value=[object], source=unknown"}
{"logTime": "1002/141159", "level": "INFO", "message": "Preference changed: name=extensions.settings, new_value=[object], source=unknown"}
{"logTime": "1002/141159", "level": "INFO", "message": "Preference changed: name=extensions.settings, new_value=[object], source=unknown"}
{"logTime": "1002/141159", "level": "INFO", "message": "Preference changed: name=extensions.settings, new_value=[object], source=unknown"}
{"logTime": "1002/141159", "level": "INFO", "message": "Preference changed: name=extensions.settings, new_value=[object], source=unknown"}
{"logTime": "1002/141159", "level": "INFO", "message": "Preference changed: name=profile.is_relative_to_aad, new_value=false, source=unknown"}
{"logTime": "1002/141159", "level": "INFO", "message": "Preference changed: name=sync.transport_data_per_account, new_value=[object], source=unknown"}
{"logTime": "1002/141159", "level": "INFO", "message": "Preference changed: name=sync.transport_data_per_account, new_value=[object], source=unknown"}
{"logTime": "1002/141159", "level": "INFO", "message": "Preference changed: name=sync.transport_data_per_account, new_value=[object], source=unknown"}
{"logTime": "1002/141159", "level": "INFO", "message": "Preference changed: name=sync.keystore_encryption_key_state, new_value=\"eyJkb3dubG9hZF9rZXlfcmVzdWx0Ijp0cnVlLCJleHBpcmF0aW9uX3RpbWUiOjE3OTEwMzY3MTkuMTA4OTc5LCJodHRwX3Jlc3BvbnNlX2NvZGUiOjIwMCwia2V5X2NvdW50Ijo3LCJrZXlfdmFsaWRhdGlvbl90aW1lIjoxNzkwOTUwMzE5LjU4NTQwMSwibmV0X2Vycm9yX2NvZGUiOjEsInByb2Nlc3Nfa2V5X3Jlc3VsdCI6MCwic2V0X2tleV9yZXN1bHQiOnRydWV9\", source=unknown"}
{"logTime": "1002/141159", "level": "INFO", "message": "Preference changed: name=extensions.install_signature, new_value=[object], source=unknown"}
{"logTime": "1002/141202", "level": "INFO", "message": "Preference changed: name=browser.show_edge_split_window_toolbar_button, new_value=false, source=sync"}
{"logTime": "1002/141202", "level": "INFO", "message": "Preference changed: name=tab_groups_cleanup_version, new_value=4, source=sync"}
{"logTime": "1002/141202", "level": "INFO", "message": "Preference changed: name=instrumentation.bookmark_bar.show_only_on_ntp, new_value=\"ProfileWriter::SetSettingsData;false\", source=sync"}
{"logTime": "1002/141202", "level": "INFO", "message": "Preference changed: name=browser.show_hub_app_in_sidebar_buttons, new_value=[object], source=sync"}
{"logTime": "1002/141202", "level": "INFO", "message": "Preference changed: name=browser.edge_sidebar_visibility_debug, new_value=[object], source=sync"}
{"logTime": "1002/141202", "level": "INFO", "message": "Preference changed: name=edge.workspaces.migration.complete, new_value=true, source=sync"}
{"logTime": "1002/141202", "level": "INFO", "message": "Preference changed: name=browser.show_toolbar_spacework_button, new_value=false, source=sync"}
{"logTime": "1002/141202", "level": "INFO", "message": "Preference changed: name=edge.workspaces.storage.state, new_value=\"{\\\"app_folder_path\\\":\\\"\\\",\\\"container_id\\\":\\\"\\\",\\\"drive_id\\\":\\\"\\\",\\\"prefs_item_id\\\":\\\"\\\",\\\"storage_endpoint\\\":\\\"\\\",\\\"version\\\":3}\", source=sync"}
{"logTime": "1002/141202", "level": "INFO", "message": "Preference changed: name=edge.workspaces.state, new_value=\"\", source=sync"}
{"logTime": "1002/141202", "level": "INFO", "message": "Preference changed: name=edge.workspaces.storage.state, new_value=\"\", source=sync"}
{"logTime": "1002/141202", "level": "INFO", "message": "Preference changed: name=browser.hub_app_usage_preferences, new_value=[object], source=sync"}
{"logTime": "1002/141202", "level": "INFO", "message": "Preference changed: name=session.startup_urls, new_value=[object], source=sync"}
{"logTime": "1002/141202", "level": "INFO", "message": "Preference changed: name=browser.edge_sidebar_visibility, new_value=[object], source=sync"}
{"logTime": "1002/141202", "level": "INFO", "message": "Preference changed: name=browser.edge_sidebar_visibility_debug, new_value=[object], source=sync"}
{"logTime": "1002/141202", "level": "INFO", "message": "Preference changed: name=ntp.show_greeting, new_value=true, source=sync"}
{"logTime": "1002/141202", "level": "INFO", "message": "Preference changed: name=browser.hub_app_preferences, new_value=[object], source=sync"}
{"logTime": "1002/141202", "level": "INFO", "message": "Preference changed: name=profile.password_breach_scan_triggered_count, new_value=0, source=sync"}
{"logTime": "1002/141202", "level": "INFO", "message": "Preference changed: name=tab_groups_migration_version, new_value=3, source=sync"}
{"logTime": "1002/141202", "level": "INFO", "message": "Preference changed: name=profile.hard_yes_password_monitor_consent, new_value=true, source=sync"}
{"logTime": "1002/141202", "level": "INFO", "message": "Preference changed: name=edge_wallet.passwords.latest_password_management_count, new_value=[object], source=sync"}
{"logTime": "1002/141202", "level": "INFO", "message": "Preference changed: name=edge_wallet.passwords.latest_password_usage_count, new_value=[object], source=sync"}
{"logTime": "1002/141202", "level": "INFO", "message": "Preference changed: name=ntp.hide_default_top_sites, new_value=false, source=sync"}
{"logTime": "1002/141202", "level": "INFO", "message": "Preference changed: name=profile.network_pbs, new_value=[object], source=sync"}
{"logTime": "1002/141202", "level": "INFO", "message": "Preference changed: name=profile.network_pbs, new_value=[object], source=sync"}
{"logTime": "1002/141202", "level": "INFO", "message": "Preference changed: name=user_experience_metrics.personalization_data_consent_enabled, new_value=true, source=sync"}
{"logTime": "1002/141202", "level": "INFO", "message": "Preference changed: name=user_experience_metrics.personalization_data_consent_enabled_last_known_value, new_value=true, source=sync"}
{"logTime": "1002/141202", "level": "INFO", "message": "Preference changed: name=shopping.pcb_supported, new_value=true, source=sync"}
{"logTime": "1002/141202", "level": "INFO", "message": "Preference changed: name=personalization_data_consent.personalization_in_context_consent_can_prompt, new_value=false, source=sync"}
{"logTime": "1002/141202", "level": "INFO", "message": "Preference changed: name=personalization_data_consent.personalization_in_context_has_prompted, new_value=false, source=sync"}
{"logTime": "1002/141202", "level": "INFO", "message": "Preference changed: name=profile.edge_user_with_non_zero_passwords, new_value=true, source=sync"}
{"logTime": "1002/141202", "level": "INFO", "message": "Preference changed: name=profile.password_breach_last_scanned_time, new_value=\"13417342337827541\", source=sync"}
{"logTime": "1002/141202", "level": "INFO", "message": "Preference changed: name=instrumentation.ntp.news_feed_display, new_value=\"updateLayoutAndBackgroundImageType;always;1767846945371\", source=sync"}
{"logTime": "1002/141202", "level": "INFO", "message": "Preference changed: name=spellcheck.dictionaries, new_value=[object], source=sync"}
{"logTime": "1002/141202", "level": "INFO", "message": "Preference changed: name=browser.editor_proofing_languages, new_value=[object], source=sync"}
{"logTime": "1002/141202", "level": "INFO", "message": "Preference changed: name=read_aloud.last_used_time, new_value=\"13355647057757753\", source=sync"}
{"logTime": "1002/141202", "level": "INFO", "message": "Preference changed: name=intl.selected_languages, new_value=\"en-US,en,en-IN\", source=sync"}
{"logTime": "1002/141202", "level": "INFO", "message": "Preference changed: name=intl.accept_languages, new_value=\"en-US,en,en-IN\", source=sync"}
{"logTime": "1002/141202", "level": "INFO", "message": "Preference changed: name=spellcheck.dictionaries, new_value=[object], source=sync"}
{"logTime": "1002/141202", "level": "INFO", "message": "Preference changed: name=browser.editor_proofing_languages, new_value=[object], source=sync"}
{"logTime": "1002/141202", "level": "INFO", "message": "Preference changed: name=browser.editor_proofing_languages, new_value=[object], source=sync"}
{"logTime": "1002/141202", "level": "INFO", "message": "Preference changed: name=ntp.layout_mode, new_value=3, source=sync"}
{"logTime": "1002/141202", "level": "INFO", "message": "Preference changed: name=ntp.news_feed_display, new_value=\"always\", source=sync"}
{"logTime": "1002/141202", "level": "INFO", "message": "Preference changed: name=browser.enable_text_prediction_v2, new_value=true, source=sync"}
{"logTime": "1002/141202", "level": "INFO", "message": "Preference changed: name=credentials_enable_breachdetection, new_value=true, source=sync"}
{"logTime": "1002/141202", "level": "INFO", "message": "Preference changed: name=personalization_data_consent.when_set, new_value=\"13347285616469239\", source=sync"}
{"logTime": "1002/141202", "level": "INFO", "message": "Preference changed: name=bookmark_bar.show_only_on_ntp, new_value=false, source=sync"}
{"logTime": "1002/141202", "level": "INFO", "message": "Preference changed: name=profile.password_breach_scanned, new_value=true, source=sync"}
{"logTime": "1002/141202", "level": "INFO", "message": "Preference changed: name=session.restore_on_startup, new_value=5, source=sync"}
{"logTime": "1002/141202", "level": "INFO", "message": "Preference changed: name=profile.edge_passwords_more_menu_label_shown, new_value=true, source=sync"}
{"logTime": "1002/141202", "level": "INFO", "message": "Preference changed: name=browser.editor_proofing_languages, new_value=[object], source=sync"}
{"logTime": "1002/141202", "level": "INFO", "message": "Preference changed: name=profile.password_breach_scan_triggered_password_count, new_value=0, source=sync"}
{"logTime": "1002/141202", "level": "INFO", "message": "Preference changed: name=smart_explore.auto_cleanup_date, new_value=\"13390727967107100\", source=sync"}
{"logTime": "1002/141202", "level": "INFO", "message": "Preference changed: name=personalization_data_consent.how_set, new_value=15, source=sync"}
{"logTime": "1002/141202", "level": "INFO", "message": "Preference changed: name=browser.copilot_chat_last_used_timestamp, new_value=\"13410768771448163\", source=sync"}
{"logTime": "1002/141202", "level": "INFO", "message": "Preference changed: name=ntp.quick_links_options, new_value=1, source=sync"}
{"logTime": "1002/141202", "level": "INFO", "message": "Preference changed: name=third_party_search.consented, new_value=true, source=sync"}
{"logTime": "1002/141202", "level": "INFO", "message": "Preference changed: name=browser.underside_chat_consent, new_value=1, source=sync"}
{"logTime": "1002/141202", "level": "INFO", "message": "Preference changed: name=bookmark_bar.show_on_all_tabs, new_value=true, source=sync"}
{"logTime": "1002/141202", "level": "INFO", "message": "Preference changed: name=collections.prism_collections.migration.accepted, new_value=true, source=sync"}
{"logTime": "1002/141202", "level": "INFO", "message": "Preference changed: name=browser.show_hub_apps_tower_pinned, new_value=false, source=sync"}
{"logTime": "1002/141202", "level": "INFO", "message": "Preference changed: name=continuous_migration.active_guid, new_value=\"ae43cbeb-8f6f-4100-92ed-954903c0bc15\", source=sync"}
{"logTime": "1002/141202", "level": "INFO", "message": "Preference changed: name=profile.last_time_password_monitor_ooc_alert_shown, new_value=\"13414420424379898\", source=sync"}
{"logTime": "1002/141202", "level": "INFO", "message": "Preference changed: name=ntp.record_user_choices, new_value=[object], source=sync"}
{"logTime": "1002/141202", "level": "INFO", "message": "Preference changed: name=browser.hub_cleanup_context_v2, new_value=[object], source=sync"}
{"logTime": "1002/141202", "level": "INFO", "message": "Preference changed: name=profile.password_breach_scan_trigger_last_reset_time, new_value=\"13356015290919139\", source=sync"}
{"logTime": "1002/141202", "level": "INFO", "message": "Preference changed: name=browser.hub_cleanup_context, new_value=[object], source=sync"}
{"logTime": "1002/141202", "level": "INFO", "message": "Preference changed: name=instrumentation.bookmark_bar.show_on_all_tabs, new_value=\"ProfileWriter::SetSettingsData;true\", source=sync"}
{"logTime": "1002/141202", "level": "INFO", "message": "Preference changed: name=instrumentation.ntp.layout_mode, new_value=\"updateLayoutAndBackgroundImageType;3;1767846945368\", source=sync"}
{"logTime": "1002/141202", "level": "INFO", "message": "Preference changed: name=should_read_incoming_syncing_theme_prefs, new_value=false, source=unknown"}
{"logTime": "1002/141202", "level": "INFO", "message": "Preference changed: name=edge.workspaces.migration.last_state, new_value=9, source=unknown"}
{"logTime": "1002/141202", "level": "INFO", "message": "Preference changed: name=sync.transport_data_per_account, new_value=[object], source=unknown"}
{"logTime": "1002/141202", "level": "INFO", "message": "Preference changed: name=sync.transport_data_per_account, new_value=[object], source=unknown"}
{"logTime": "1002/141202", "level": "INFO", "message": "Preference changed: name=sync.transport_data_per_account, new_value=[object], source=unknown"}
{"logTime": "1002/141202", "level": "INFO", "message": "Preference changed: name=sync.transport_data_per_account, new_value=[object], source=unknown"}
{"logTime": "1002/141202", "level": "INFO", "message": "Preference changed: name=sync.transport_data_per_account, new_value=[object], source=unknown"}
{"logTime": "1002/141202", "level": "INFO", "message": "Preference changed: name=sync.transport_data_per_account, new_value=[object], source=unknown"}
{"logTime": "1002/141202", "level": "INFO", "message": "Preference changed: name=sync.transport_data_per_account, new_value=[object], source=unknown"}
{"logTime": "1002/141202", "level": "INFO", "message": "Preference changed: name=arbitration_using_experiment_config, new_value=false, source=unknown"}
{"logTime": "1002/141204", "level": "INFO", "message": "Preference changed: name=browser.edge_sidebar_visibility, new_value=[object], source=unknown"}
{"logTime": "1002/141204", "level": "INFO", "message": "Preference changed: name=browser.edge_sidebar_visibility, new_value=[object], source=unknown"}
{"logTime": "1002/141205", "level": "INFO", "message": "Preference changed: name=edge.bookmarks.last_dup_info_record_time, new_value=\"13435423925525650\", source=unknown"}
{"logTime": "1002/141205", "level": "INFO", "message": "Preference changed: name=sync.transport_data_per_account, new_value=[object], source=unknown"}
{"logTime": "1002/141205", "level": "INFO", "message": "Preference changed: name=sync.transport_data_per_account, new_value=[object], source=unknown"}
{"logTime": "1002/141205", "level": "INFO", "message": "Preference changed: name=sync.transport_data_per_account, new_value=[object], source=unknown"}
{"logTime": "1002/141205", "level": "INFO", "message": "Preference changed: name=browser.edge_sidebar_visibility_debug, new_value=[object], source=unknown"}
{"logTime": "1002/141205", "level": "INFO", "message": "Preference changed: name=extensions.settings, new_value=[object], source=unknown"}
{"logTime": "1002/141205", "level": "INFO", "message": "Preference changed: name=extensions.settings, new_value=[object], source=unknown"}
{"logTime": "1002/141205", "level": "INFO", "message": "Preference changed: name=extensions.settings, new_value=[object], source=unknown"}
{"logTime": "1002/141205", "level": "INFO", "message": "Preference changed: name=extensions.settings, new_value=[object], source=unknown"}
{"logTime": "1002/141205", "level": "INFO", "message": "Preference changed: name=extensions.settings, new_value=[object], source=unknown"}
{"logTime": "1002/141205", "level": "INFO", "message": "Preference changed: name=extensions.settings, new_value=[object], source=unknown"}
{"logTime": "1002/141205", "level": "INFO", "message": "Preference changed: name=extensions.settings, new_value=[object], source=unknown"}
{"logTime": "1002/141205", "level": "INFO", "message": "Preference changed: name=extensions.settings, new_value=[object], source=unknown"}
{"logTime": "1002/141205", "level": "INFO", "message": "Preference changed: name=extensions.settings, new_value=[object], source=unknown"}
{"logTime": "1002/141205", "level": "INFO", "message": "Preference changed: name=extensions.settings, new_value=[object], source=unknown"}
{"logTime": "1002/141205", "level": "INFO", "message": "Preference changed: name=extensions.settings, new_value=[object], source=unknown"}
{"logTime": "1002/141205", "level": "INFO", "message": "Preference changed: name=extensions.settings, new_value=[object], source=unknown"}
{"logTime": "1002/141205", "level": "INFO", "message": "Preference changed: name=extensions.settings, new_value=[object], source=unknown"}
{"logTime": "1002/141205", "level": "INFO", "message": "Preference changed: name=extensions.settings, new_value=[object], source=unknown"}
{"logTime": "1002/141205", "level": "INFO", "message": "Preference changed: name=extensions.settings, new_value=[object], source=unknown"}
{"logTime": "1002/141205", "level": "INFO", "message": "Preference changed: name=extensions.settings, new_value=[object], source=unknown"}
{"logTime": "1002/141205", "level": "INFO", "message": "Preference changed: name=extensions.settings, new_value=[object], source=unknown"}
{"logTime": "1002/141205", "level": "INFO", "message": "Preference changed: name=extensions.settings, new_value=[object], source=unknown"}
{"logTime": "1002/141205", "level": "INFO", "message": "Preference changed: name=extensions.settings, new_value=[object], source=unknown"}
{"logTime": "1002/141205", "level": "INFO", "message": "Preference changed: name=extensions.settings, new_value=[object], source=unknown"}
{"logTime": "1002/141205", "level": "INFO", "message": "Preference changed: name=extensions.settings, new_value=[object], source=unknown"}
{"logTime": "1002/141205", "level": "INFO", "message": "Preference changed: name=extensions.settings, new_value=[object], source=unknown"}
{"logTime": "1002/141205", "level": "INFO", "message": "Preference changed: name=extensions.settings, new_value=[object], source=unknown"}
{"logTime": "1002/141205", "level": "INFO", "message": "Preference changed: name=extensions.settings, new_value=[object], source=unknown"}
{"logTime": "1002/141205", "level": "INFO", "message": "Preference changed: name=extensions.settings, new_value=[object], source=unknown"}
{"logTime": "1002/141205", "level": "INFO", "message": "Preference changed: name=extensions.settings, new_value=[object], source=unknown"}
{"logTime": "1002/141205", "level": "INFO", "message": "Preference changed: name=extensions.settings, new_value=[object], source=unknown"}
{"logTime": "1002/141205", "level": "INFO", "message": "Preference changed: name=extensions.settings, new_value=[object], source=unknown"}
{"logTime": "1002/141205", "level": "INFO", "message": "Preference changed: name=extensions.settings, new_value=[object], source=unknown"}
{"logTime": "1002/141205", "level": "INFO", "message": "Preference changed: name=extensions.settings, new_value=[object], source=unknown"}
{"logTime": "1002/141205", "level": "INFO", "message": "Preference changed: name=extensions.settings, new_value=[object], source=unknown"}
{"logTime": "1002/141205", "level": "INFO", "message": "Preference changed: name=extensions.settings, new_value=[object], source=unknown"}
{"logTime": "1002/141205", "level": "INFO", "message": "Preference changed: name=extensions.settings, new_value=[object], source=unknown"}
{"logTime": "1002/141205", "level": "INFO", "message": "Preference changed: name=extensions.settings, new_value=[object], source=unknown"}
{"logTime": "1002/141205", "level": "INFO", "message": "Preference changed: name=extensions.settings, new_value=[object], source=unknown"}
{"logTime": "1002/141205", "level": "INFO", "message": "Preference changed: name=extensions.settings, new_value=[object], source=unknown"}
{"logTime": "1002/141205", "level": "INFO", "message": "Preference changed: name=extensions.settings, new_value=[object], source=unknown"}
{"logTime": "1002/141205", "level": "INFO", "message": "Preference changed: name=extensions.settings, new_value=[object], source=unknown"}
{"logTime": "1002/141205", "level": "INFO", "message": "Preference changed: name=extensions.settings, new_value=[object], source=unknown"}
{"logTime": "1002/141205", "level": "INFO", "message": "Preference changed: name=extensions.settings, new_value=[object], source=unknown"}
{"logTime": "1002/141205", "level": "INFO", "message": "Preference changed: name=extensions.settings, new_value=[object], source=unknown"}
{"logTime": "1002/141205", "level": "INFO", "message": "Preference changed: name=extensions.settings, new_value=[object], source=unknown"}
{"logTime": "1002/141205", "level": "INFO", "message": "Preference changed: name=extensions.settings, new_value=[object], source=unknown"}
{"logTime": "1002/141205", "level": "INFO", "message": "Preference changed: name=extensions.settings, new_value=[object], source=unknown"}
{"logTime": "1002/141205", "level": "INFO", "message": "Preference changed: name=extensions.settings, new_value=[object], source=unknown"}
{"logTime": "1002/141205", "level": "INFO", "message": "Preference changed: name=extensions.settings, new_value=[object], source=unknown"}
{"logTime": "1002/141205", "level": "INFO", "message": "Preference changed: name=extensions.settings, new_value=[object], source=unknown"}
{"logTime": "1002/141205", "level": "INFO", "message": "Preference changed: name=extensions.settings, new_value=[object], source=unknown"}
{"logTime": "1002/141205", "level": "INFO", "message": "Preference changed: name=extensions.settings, new_value=[object], source=unknown"}
{"logTime": "1002/141205", "level": "INFO", "message": "Preference changed: name=extensions.settings, new_value=[object], source=unknown"}
{"logTime": "1002/141205", "level": "INFO", "message": "Preference changed: name=extensions.settings, new_value=[object], source=unknown"}
{"logTime": "1002/141205", "level": "INFO", "message": "Preference changed: name=extensions.settings, new_value=[object], source=unknown"}
{"logTime": "1002/141205", "level": "INFO", "message": "Preference changed: name=extensions.settings, new_value=[object], source=unknown"}
{"logTime": "1002/141205", "level": "INFO", "message": "Preference changed: name=extensions.settings, new_value=[object], source=unknown"}
{"logTime": "1002/141205", "level": "INFO", "message": "Preference changed: name=extensions.settings, new_value=[object], source=unknown"}
{"logTime": "1002/141205", "level": "INFO", "message": "Preference changed: name=extensions.settings, new_value=[object], source=unknown"}
{"logTime": "1002/141205", "level": "INFO", "message": "Preference changed: name=extensions.settings, new_value=[object], source=unknown"}
{"logTime": "1002/141205", "level": "INFO", "message": "Preference changed: name=extensions.settings, new_value=[object], source=unknown"}
{"logTime": "1002/141205", "level": "INFO", "message": "Preference changed: name=extensions.settings, new_value=[object], source=unknown"}
{"logTime": "1002/141205", "level": "INFO", "message": "Preference changed: name=extensions.settings, new_value=[object], source=unknown"}
{"logTime": "1002/141205", "level": "INFO", "message": "Preference changed: name=extensions.settings, new_value=[object], source=unknown"}
{"logTime": "1002/141205", "level": "INFO", "message": "Preference changed: name=extensions.settings, new_value=[object], source=unknown"}
{"logTime": "1002/141205", "level": "INFO", "message": "Preference changed: name=extensions.settings, new_value=[object], source=unknown"}
{"logTime": "1002/141205", "level": "INFO", "message": "Preference changed: name=extensions.settings, new_value=[object], source=unknown"}
{"logTime": "1002/141205", "level": "INFO", "message": "Preference changed: name=extensions.settings, new_value=[object], source=unknown"}
{"logTime": "1002/141205", "level": "INFO", "message": "Preference changed: name=extensions.settings, new_value=[object], source=unknown"}
{"logTime": "1002/141205", "level": "INFO", "message": "Preference changed: name=extensions.settings, new_value=[object], source=unknown"}
{"logTime": "1002/141205", "level": "INFO", "message": "Preference changed: name=extensions.settings, new_value=[object], source=unknown"}
{"logTime": "1002/141205", "level": "INFO", "message": "Preference changed: name=extensions.settings, new_value=[object], source=unknown"}
{"logTime": "1002/141205", "level": "INFO", "message": "Preference changed: name=extensions.settings, new_value=[object], source=unknown"}
{"logTime": "1002/141205", "level": "INFO", "message": "Preference changed: name=extensions.settings, new_value=[object], source=unknown"}
{"logTime": "1002/141205", "level": "INFO", "message": "Preference changed: name=extensions.settings, new_value=[object], source=unknown"}
{"logTime": "1002/141205", "level": "INFO", "message": "Preference changed: name=extensions.settings, new_value=[object], source=unknown"}
{"logTime": "1002/141205", "level": "INFO", "message": "Preference changed: name=extensions.settings, new_value=[object], source=unknown"}
{"logTime": "1002/141205", "level": "INFO", "message": "Preference changed: name=extensions.settings, new_value=[object], source=unknown"}
{"logTime": "1002/141205", "level": "INFO", "message": "Preference changed: name=extensions.settings, new_value=[object], source=unknown"}
{"logTime": "1002/141205", "level": "INFO", "message": "Preference changed: name=extensions.settings, new_value=[object], source=unknown"}
{"logTime": "1002/141205", "level": "INFO", "message": "Preference changed: name=extensions.settings, new_value=[object], source=unknown"}
{"logTime": "1002/141205", "level": "INFO", "message": "Preference changed: name=extensions.settings, new_value=[object], source=unknown"}
{"logTime": "1002/141205", "level": "INFO", "message": "Preference changed: name=extensions.settings, new_value=[object], source=unknown"}
{"logTime": "1002/141205", "level": "INFO", "message": "Preference changed: name=extensions.settings, new_value=[object], source=unknown"}
{"logTime": "1002/141205", "level": "INFO", "message": "Preference changed: name=extensions.settings, new_value=[object], source=unknown"}
{"logTime": "1002/141205", "level": "INFO", "message": "Preference changed: name=extensions.settings, new_value=[object], source=unknown"}
{"logTime": "1002/141205", "level": "INFO", "message": "Preference changed: name=extensions.settings, new_value=[object], source=unknown"}
{"logTime": "1002/141205", "level": "INFO", "message": "Preference changed: name=extensions.settings, new_value=[object], source=unknown"}
{"logTime": "1002/141205", "level": "INFO", "message": "Preference changed: name=extensions.settings, new_value=[object], source=unknown"}
{"logTime": "1002/141205", "level": "INFO", "message": "Preference changed: name=extensions.settings, new_value=[object], source=unknown"}
{"logTime": "1002/141205", "level": "INFO", "message": "Preference changed: name=extensions.settings, new_value=[object], source=unknown"}
{"logTime": "1002/141205", "level": "INFO", "message": "Preference changed: name=extensions.settings, new_value=[object], source=unknown"}
{"logTime": "1002/141205", "level": "INFO", "message": "Preference changed: name=extensions.settings, new_value=[object], source=unknown"}
{"logTime": "1002/141205", "level": "INFO", "message": "Preference changed: name=extensions.settings, new_value=[object], source=unknown"}
{"logTime": "1002/141205", "level": "INFO", "message": "Preference changed: name=extensions.settings, new_value=[object], source=unknown"}
{"logTime": "1002/141205", "level": "INFO", "message": "Preference changed: name=extensions.settings, new_value=[object], source=unknown"}
{"logTime": "1002/141205", "level": "INFO", "message": "Preference changed: name=extensions.settings, new_value=[object], source=unknown"}
{"logTime": "1002/141205", "level": "INFO", "message": "Preference changed: name=extensions.settings, new_value=[object], source=unknown"}
{"logTime": "1002/141205", "level": "INFO", "message": "Preference changed: name=extensions.settings, new_value=[object], source=unknown"}
{"logTime": "1002/141205", "level": "INFO", "message": "Preference changed: name=extensions.settings, new_value=[object], source=unknown"}
{"logTime": "1002/141205", "level": "INFO", "message": "Preference changed: name=extensions.settings, new_value=[object], source=unknown"}
{"logTime": "1002/141205", "level": "INFO", "message": "Preference changed: name=extensions.settings, new_value=[object], source=unknown"}
{"logTime": "1002/141205", "level": "INFO", "message": "Preference changed: name=extensions.settings, new_value=[object], source=unknown"}
{"logTime": "1002/141205", "level": "INFO", "message": "Preference changed: name=extensions.settings, new_value=[object], source=unknown"}
{"logTime": "1002/141205", "level": "INFO", "message": "Preference changed: name=extensions.settings, new_value=[object], source=unknown"}
{"logTime": "1002/141205", "level": "INFO", "message": "Preference changed: name=extensions.settings, new_value=[object], source=unknown"}
{"logTime": "1002/141205", "level": "INFO", "message": "Preference changed: name=extensions.settings, new_value=[object], source=unknown"}
{"logTime": "1002/141205", "level": "INFO", "message": "Preference changed: name=extensions.settings, new_value=[object], source=unknown"}
{"logTime": "1002/141205", "level": "INFO", "message": "Preference changed: name=extensions.settings, new_value=[object], source=unknown"}
{"logTime": "1002/141205", "level": "INFO", "message": "Preference changed: name=extensions.settings, new_value=[object], source=unknown"}
{"logTime": "1002/141205", "level": "INFO", "message": "Preference changed: name=extensions.settings, new_value=[object], source=unknown"}
{"logTime": "1002/141205", "level": "INFO", "message": "Preference changed: name=extensions.settings, new_value=[object], source=unknown"}
{"logTime": "1002/141205", "level": "INFO", "message": "Preference changed: name=extensions.settings, new_value=[object], source=unknown"}
{"logTime": "1002/141205", "level": "INFO", "message": "Preference changed: name=extensions.settings, new_value=[object], source=unknown"}
{"logTime": "1002/141205", "level": "INFO", "message": "Preference changed: name=extensions.settings, new_value=[object], source=unknown"}
{"logTime": "1002/141205", "level": "INFO", "message": "Preference changed: name=extensions.settings, new_value=[object], source=unknown"}
{"logTime": "1002/141205", "level": "INFO", "message": "Preference changed: name=extensions.settings, new_value=[object], source=unknown"}
{"logTime": "1002/141205", "level": "INFO", "message": "Preference changed: name=extensions.settings, new_value=[object], source=unknown"}
{"logTime": "1002/141205", "level": "INFO", "message": "Preference changed: name=extensions.settings, new_value=[object], source=unknown"}
{"logTime": "1002/141205", "level": "INFO", "message": "Preference changed: name=extensions.settings, new_value=[object], source=unknown"}
{"logTime": "1002/141205", "level": "INFO", "message": "Preference changed: name=extensions.settings, new_value=[object], source=unknown"}
{"logTime": "1002/141205", "level": "INFO", "message": "Preference changed: name=extensions.settings, new_value=[object], source=unknown"}
{"logTime": "1002/141205", "level": "INFO", "message": "Preference changed: name=extensions.settings, new_value=[object], source=unknown"}
{"logTime": "1002/141205", "level": "INFO", "message": "Preference changed: name=browser.hub_app_non_synced_preferences, new_value=[object], source=unknown"}
{"logTime": "1002/141205", "level": "INFO", "message": "Preference changed: name=browser.hub_app_non_synced_preferences, new_value=[object], source=unknown"}
{"logTime": "1002/141205", "level": "INFO", "message": "Preference changed: name=browser.hub_app_non_synced_preferences, new_value=[object], source=unknown"}
{"logTime": "1002/141205", "level": "INFO", "message": "Preference changed: name=browser.hub_app_non_synced_preferences, new_value=[object], source=unknown"}
{"logTime": "1002/141205", "level": "INFO", "message": "Preference changed: name=browser.hub_app_non_synced_preferences, new_value=[object], source=unknown"}
{"logTime": "1002/141205", "level": "INFO", "message": "Preference changed: name=browser.hub_app_non_synced_preferences, new_value=[object], source=unknown"}
{"logTime": "1002/141205", "level": "INFO", "message": "Preference changed: name=browser.hub_app_non_synced_preferences, new_value=[object], source=unknown"}
{"logTime": "1002/141205", "level": "INFO", "message": "Preference changed: name=browser.hub_app_non_synced_preferences, new_value=[object], source=unknown"}
{"logTime": "1002/141205", "level": "INFO", "message": "Preference changed: name=browser.hub_app_non_synced_preferences, new_value=[object], source=unknown"}
{"logTime": "1002/141205", "level": "INFO", "message": "Preference changed: name=browser.hub_app_non_synced_preferences, new_value=[object], source=unknown"}
{"logTime": "1002/141205", "level": "INFO", "message": "Preference changed: name=browser.hub_app_non_synced_preferences, new_value=[object], source=unknown"}
{"logTime": "1002/141205", "level": "INFO", "message": "Preference changed: name=browser.hub_app_non_synced_preferences, new_value=[object], source=unknown"}
{"logTime": "1002/141205", "level": "INFO", "message": "Preference changed: name=browser.hub_app_non_synced_preferences, new_value=[object], source=unknown"}
{"logTime": "1002/141205", "level": "INFO", "message": "Preference changed: name=browser.hub_app_non_synced_preferences, new_value=[object], source=unknown"}
{"logTime": "1002/141205", "level": "INFO", "message": "Preference changed: name=browser.hub_app_non_synced_preferences, new_value=[object], source=unknown"}
{"logTime": "1002/141205", "level": "INFO", "message": "Preference changed: name=browser.hub_app_non_synced_preferences, new_value=[object], source=unknown"}
{"logTime": "1002/141205", "level": "INFO", "message": "Preference changed: name=browser.hub_app_non_synced_preferences, new_value=[object], source=unknown"}
{"logTime": "1002/141205", "level": "INFO", "message": "Preference changed: name=browser.hub_app_non_synced_preferences, new_value=[object], source=unknown"}
{"logTime": "1002/141205", "level": "INFO", "message": "Preference changed: name=browser.hub_app_non_synced_preferences, new_value=[object], source=unknown"}
{"logTime": "1002/141205", "level": "INFO", "message": "Preference changed: name=browser.hub_app_non_synced_preferences, new_value=[object], source=unknown"}
{"logTime": "1002/141205", "level": "INFO", "message": "Preference changed: name=browser.hub_app_non_synced_preferences, new_value=[object], source=unknown"}
{"logTime": "1002/141205", "level": "INFO", "message": "Preference changed: name=browser.hub_app_non_synced_preferences, new_value=[object], source=unknown"}
{"logTime": "1002/141205", "level": "INFO", "message": "Preference changed: name=browser.hub_app_non_synced_preferences, new_value=[object], source=unknown"}
{"logTime": "1002/141205", "level": "INFO", "message": "Preference changed: name=browser.hub_app_non_synced_preferences, new_value=[object], source=unknown"}
{"logTime": "1002/141205", "level": "INFO", "message": "Preference changed: name=browser.hub_app_non_synced_preferences, new_value=[object], source=unknown"}
{"logTime": "1002/141205", "level": "INFO", "message": "Preference changed: name=browser.hub_app_non_synced_preferences, new_value=[object], source=unknown"}
{"logTime": "1002/141205", "level": "INFO", "message": "Preference changed: name=browser.hub_cleanup_candidate_list_for_debug, new_value=[object], source=unknown"}
{"logTime": "1002/141205", "level": "INFO", "message": "Preference changed: name=browser.hub_cleanup_candidate_list_for_debug, new_value=[object], source=unknown"}
{"logTime": "1002/141205", "level": "INFO", "message": "Preference changed: name=sync.transport_data_per_account, new_value=[object], source=unknown"}
{"logTime": "1002/141205", "level": "INFO", "message": "Preference changed: name=sync.transport_data_per_account, new_value=[object], source=unknown"}
{"logTime": "1002/141205", "level": "INFO", "message": "Preference changed: name=sync.transport_data_per_account, new_value=[object], source=unknown"}
{"logTime": "1002/141205", "level": "INFO", "message": "Preference changed: name=profile.content_settings.exceptions.site_engagement, new_value=[object], source=unknown"}
{"logTime": "1002/141205", "level": "INFO", "message": "Preference changed: name=profile.last_engagement_time, new_value=\"13435423925945772\", source=unknown"}
{"logTime": "1002/141206", "level": "INFO", "message": "PrefStore write completed: store=4, success=true"}
{"logTime": "1002/141208", "level": "INFO", "message": "PrefStore write completed: store=4, success=true"}
{"logTime": "1002/141209", "level": "INFO", "message": "Preference changed: name=toolbar_declutter.undo.last_time, new_value=\"13435423929607335\", source=unknown"}
{"logTime": "1002/141209", "level": "INFO", "message": "Preference changed: name=toolbar_declutter.new_user_cleanup_triggered, new_value=true, source=unknown"}
{"logTime": "1002/141209", "level": "INFO", "message": "Preference changed: name=in_product_help.session_last_active_time, new_value=\"13435423925622037\", source=unknown"}
{"logTime": "1002/141210", "level": "INFO", "message": "Preference changed: name=extensions.settings, new_value=[object], source=unknown"}
{"logTime": "1002/141215", "level": "INFO", "message": "Preference changed: name=profile.content_settings.exceptions.site_engagement, new_value=[object], source=unknown"}
{"logTime": "1002/141215", "level": "INFO", "message": "Preference changed: name=profile.last_engagement_time, new_value=\"13435423935949043\", source=unknown"}
{"logTime": "1002/141442", "level": "INFO", "message": "UserPrefStore loaded: error=NONE (0)"}
{"logTime": "1002/141442", "level": "INFO", "message": "Preference changed: name=optimization_guide.previously_registered_optimization_types, new_value=[object], source=unknown"}
{"logTime": "1002/141442", "level": "INFO", "message": "Preference changed: name=extensions.chrome_url_overrides, new_value=[object], source=unknown"}
{"logTime": "1002/141442", "level": "INFO", "message": "Preference changed: name=sessions.event_log, new_value=[object], source=unknown"}
{"logTime": "1002/141442", "level": "INFO", "message": "Preference changed: name=optimization_guide.previously_registered_optimization_types, new_value=[object], source=unknown"}
{"logTime": "1002/141442", "level": "INFO", "message": "Preference changed: name=optimization_guide.previously_registered_optimization_types, new_value=[object], source=unknown"}
{"logTime": "1002/141442", "level": "INFO", "message": "Preference changed: name=optimization_guide.previously_registered_optimization_types, new_value=[object], source=unknown"}
{"logTime": "1002/141442", "level": "INFO", "message": "Preference changed: name=browser.edge_sidebar_visibility, new_value=[object], source=unknown"}
{"logTime": "1002/141442", "level": "INFO", "message": "Preference changed: name=browser.edge_sidebar_visibility, new_value=[object], source=unknown"}
{"logTime": "1002/141442", "level": "INFO", "message": "Preference changed: name=optimization_guide.previously_registered_optimization_types, new_value=[object], source=unknown"}
{"logTime": "1002/141442", "level": "INFO", "message": "Preference changed: name=optimization_guide.previously_registered_optimization_types, new_value=[object], source=unknown"}
{"logTime": "1002/141442", "level": "INFO", "message": "Preference changed: name=edge_pinning_campaign.precomputed_campaign_data, new_value=[object], source=unknown"}
{"logTime": "1002/141442", "level": "INFO", "message": "Preference changed: name=edge_ux_config.assignmentcontext, new_value=\"\", source=unknown"}
{"logTime": "1002/141442", "level": "INFO", "message": "Preference changed: name=edge_ux_config.dataversion, new_value=\"0\", source=unknown"}
{"logTime": "1002/141442", "level": "INFO", "message": "Preference changed: name=edge_ux_config.experimentvariables, new_value=[object], source=unknown"}
{"logTime": "1002/141442", "level": "INFO", "message": "Preference changed: name=browser.user_level_features_context, new_value=[object], source=unknown"}
{"logTime": "1002/141442", "level": "INFO", "message": "Preference changed: name=edge_ux_config.flights, new_value=[object], source=unknown"}
{"logTime": "1002/141442", "level": "INFO", "message": "Preference changed: name=profile.network_pbs, new_value=[object], source=unknown"}
{"logTime": "1002/141442", "level": "INFO", "message": "Preference changed: name=extensions.settings, new_value=[object], source=unknown"}
{"logTime": "1002/141442", "level": "INFO", "message": "Preference changed: name=extensions.settings, new_value=[object], source=unknown"}
{"logTime": "1002/141442", "level": "INFO", "message": "Preference changed: name=extensions.settings, new_value=[object], source=unknown"}
{"logTime": "1002/141442", "level": "INFO", "message": "Preference changed: name=extensions.settings, new_value=[object], source=unknown"}
{"logTime": "1002/141442", "level": "INFO", "message": "Preference changed: name=extensions.settings, new_value=[object], source=unknown"}
{"logTime": "1002/141442", "level": "INFO", "message": "Preference changed: name=extensions.settings, new_value=[object], source=unknown"}
{"logTime": "1002/141442", "level": "INFO", "message": "Preference changed: name=extensions.settings, new_value=[object], source=unknown"}
{"logTime": "1002/141442", "level": "INFO", "message": "Preference changed: name=extensions.settings, new_value=[object], source=unknown"}
{"logTime": "1002/141442", "level": "INFO", "message": "Preference changed: name=extensions.settings, new_value=[object], source=unknown"}
{"logTime": "1002/141442", "level": "INFO", "message": "Preference changed: name=extensions.settings, new_value=[object], source=unknown"}
{"logTime": "1002/141442", "level": "INFO", "message": "Preference changed: name=extension.installed_extension_count, new_value=11, source=unknown"}
{"logTime": "1002/141442", "level": "INFO", "message": "Preference changed: name=profile.password_hash_data_list, new_value=[object], source=unknown"}
{"logTime": "1002/141442", "level": "INFO", "message": "Preference changed: name=edge_rewards.hva_promotions, new_value=[object], source=unknown"}
{"logTime": "1002/141442", "level": "INFO", "message": "Preference changed: name=profile.edge_crash_exit_count, new_value=1, source=unknown"}
{"logTime": "1002/141442", "level": "INFO", "message": "Preference changed: name=optimization_guide.previously_registered_optimization_types, new_value=[object], source=unknown"}
{"logTime": "1002/141442", "level": "INFO", "message": "Preference changed: name=in_product_help.session_last_active_time, new_value=\"13435424082954200\", source=unknown"}
{"logTime": "1002/141442", "level": "INFO", "message": "Preference changed: name=optimization_guide.previously_registered_optimization_types, new_value=[object], source=unknown"}
{"logTime": "1002/141442", "level": "INFO", "message": "Preference changed: name=collections.prism_collections.policy.cached, new_value=0, source=unknown"}
{"logTime": "1002/141442", "level": "INFO", "message": "Preference changed: name=profile.content_settings.exceptions.storage_access_header_origin_trial, new_value=[object], source=unknown"}
{"logTime": "1002/141442", "level": "INFO", "message": "Preference changed: name=edge_rewards.cache_data, new_value=\"CAA=\", source=unknown"}
{"logTime": "1002/141443", "level": "INFO", "message": "Preference changed: name=sessions.event_log, new_value=[object], source=unknown"}
{"logTime": "1002/141443", "level": "INFO", "message": "Preference changed: name=schedule_to_flush_to_disk, new_value=\"13435424083023386\", source=unknown"}
{"logTime": "1002/141443", "level": "INFO", "message": "Preference changed: name=schedule_to_flush_to_disk, new_value=\"13435424083028178\", source=unknown"}
{"logTime": "1002/141443", "level": "INFO", "message": "Preference changed: name=account_info, new_value=[object], source=unknown"}
{"logTime": "1002/141443", "level": "INFO", "message": "Preference changed: name=safebrowsing.advanced_protection_last_refresh, new_value=\"13435424083030914\", source=unknown"}
{"logTime": "1002/141443", "level": "INFO", "message": "Preference changed: name=optimization_guide.previously_registered_optimization_types, new_value=[object], source=unknown"}
{"logTime": "1002/141443", "level": "INFO", "message": "Preference changed: name=extensions.settings, new_value=[object], source=unknown"}
{"logTime": "1002/141443", "level": "INFO", "message": "Preference changed: name=extensions.settings, new_value=[object], source=unknown"}
{"logTime": "1002/141443", "level": "INFO", "message": "Preference changed: name=extensions.chrome_url_overrides, new_value=[object], source=unknown"}
{"logTime": "1002/141443", "level": "INFO", "message": "PrefStore write completed: store=4, success=true"}
{"logTime": "1002/141443", "level": "INFO", "message": "PrefStore write completed: store=4, success=true"}
{"logTime": "1002/141443", "level": "INFO", "message": "Preference changed: name=profile.edge_user_with_non_zero_passwords, new_value=false, source=unknown"}
{"logTime": "1002/141443", "level": "INFO", "message": "Preference changed: name=spawn_ntp.opt_out.notification_shown, new_value=false, source=unknown"}
{"logTime": "1002/141443", "level": "INFO", "message": "Preference changed: name=spawn_ntp.opt_out.keep_clicked, new_value=false, source=unknown"}
{"logTime": "1002/141443", "level": "INFO", "message": "Preference changed: name=spawn_ntp.opt_out.history_backfill_completed, new_value=true, source=unknown"}
{"logTime": "1002/141443", "level": "INFO", "message": "Preference changed: name=profile.edge_user_with_non_zero_passwords, new_value=true, source=unknown"}
{"logTime": "1002/141443", "level": "INFO", "message": "Preference changed: name=browser.edge_sidebar_visibility_debug, new_value=[object], source=unknown"}
{"logTime": "1002/141443", "level": "INFO", "message": "Preference changed: name=browser.hub_app_non_synced_preferences, new_value=[object], source=unknown"}
{"logTime": "1002/141443", "level": "INFO", "message": "Preference changed: name=browser.hub_app_non_synced_preferences, new_value=[object], source=unknown"}
{"logTime": "1002/141443", "level": "INFO", "message": "Preference changed: name=browser.hub_app_non_synced_preferences, new_value=[object], source=unknown"}
{"logTime": "1002/141443", "level": "INFO", "message": "Preference changed: name=browser.hub_app_non_synced_preferences, new_value=[object], source=unknown"}
{"logTime": "1002/141443", "level": "INFO", "message": "Preference changed: name=browser.hub_app_non_synced_preferences, new_value=[object], source=unknown"}
{"logTime": "1002/141443", "level": "INFO", "message": "Preference changed: name=browser.hub_app_non_synced_preferences, new_value=[object], source=unknown"}
{"logTime": "1002/141443", "level": "INFO", "message": "Preference changed: name=browser.hub_app_non_synced_preferences, new_value=[object], source=unknown"}
{"logTime": "1002/141443", "level": "INFO", "message": "Preference changed: name=browser.hub_app_non_synced_preferences, new_value=[object], source=unknown"}
{"logTime": "1002/141443", "level": "INFO", "message": "Preference changed: name=browser.hub_app_non_synced_preferences, new_value=[object], source=unknown"}
{"logTime": "1002/141443", "level": "INFO", "message": "Preference changed: name=browser.hub_app_non_synced_preferences, new_value=[object], source=unknown"}
{"logTime": "1002/141443", "level": "INFO", "message": "Preference changed: name=browser.hub_app_non_synced_preferences, new_value=[object], source=unknown"}
{"logTime": "1002/141443", "level": "INFO", "message": "Preference changed: name=browser.hub_app_non_synced_preferences, new_value=[object], source=unknown"}
{"logTime": "1002/141443", "level": "INFO", "message": "Preference changed: name=browser.hub_app_non_synced_preferences, new_value=[object], source=unknown"}
{"logTime": "1002/141443", "level": "INFO", "message": "Preference changed: name=browser.hub_app_non_synced_preferences, new_value=[object], source=unknown"}
{"logTime": "1002/141443", "level": "INFO", "message": "Preference changed: name=browser.hub_app_non_synced_preferences, new_value=[object], source=unknown"}
{"logTime": "1002/141443", "level": "INFO", "message": "Preference changed: name=browser.hub_app_non_synced_preferences, new_value=[object], source=unknown"}
{"logTime": "1002/141443", "level": "INFO", "message": "Preference changed: name=browser.hub_app_non_synced_preferences, new_value=[object], source=unknown"}
{"logTime": "1002/141443", "level": "INFO", "message": "Preference changed: name=browser.hub_app_non_synced_preferences, new_value=[object], source=unknown"}
{"logTime": "1002/141443", "level": "INFO", "message": "Preference changed: name=browser.hub_app_non_synced_preferences, new_value=[object], source=unknown"}
{"logTime": "1002/141443", "level": "INFO", "message": "Preference changed: name=browser.hub_app_non_synced_preferences, new_value=[object], source=unknown"}
{"logTime": "1002/141443", "level": "INFO", "message": "Preference changed: name=browser.hub_app_non_synced_preferences, new_value=[object], source=unknown"}
{"logTime": "1002/141443", "level": "INFO", "message": "Preference changed: name=browser.hub_app_non_synced_preferences, new_value=[object], source=unknown"}
{"logTime": "1002/141443", "level": "INFO", "message": "Preference changed: name=browser.hub_app_non_synced_preferences, new_value=[object], source=unknown"}
{"logTime": "1002/141443", "level": "INFO", "message": "Preference changed: name=browser.hub_app_non_synced_preferences, new_value=[object], source=unknown"}
{"logTime": "1002/141443", "level": "INFO", "message": "Preference changed: name=browser.hub_app_non_synced_preferences, new_value=[object], source=unknown"}
{"logTime": "1002/141443", "level": "INFO", "message": "Preference changed: name=browser.hub_app_non_synced_preferences, new_value=[object], source=unknown"}
{"logTime": "1002/141443", "level": "INFO", "message": "Preference changed: name=browser.hub_cleanup_candidate_list_for_debug, new_value=[object], source=unknown"}
{"logTime": "1002/141443", "level": "INFO", "message": "Preference changed: name=profile.network_pbs, new_value=[object], source=sync"}
{"logTime": "1002/141443", "level": "INFO", "message": "Preference changed: name=profile.network_pbs, new_value=[object], source=sync"}
{"logTime": "1002/141443", "level": "INFO", "message": "Preference changed: name=spellcheck.dictionaries, new_value=[object], source=sync"}
{"logTime": "1002/141443", "level": "INFO", "message": "Preference changed: name=browser.editor_proofing_languages, new_value=[object], source=sync"}
{"logTime": "1002/141443", "level": "INFO", "message": "Preference changed: name=smart_explore.on_image_hover, new_value=false, source=unknown"}
{"logTime": "1002/141443", "level": "INFO", "message": "Preference changed: name=sessions.event_log, new_value=[object], source=unknown"}
{"logTime": "1002/141443", "level": "INFO", "message": "Preference changed: name=session_restore_prompt.ignored, new_value=false, source=unknown"}
{"logTime": "1002/141443", "level": "INFO", "message": "Preference changed: name=sync.local_device_guids_with_timestamp, new_value=[object], source=unknown"}
{"logTime": "1002/141443", "level": "INFO", "message": "Preference changed: name=profile.content_settings.exceptions.site_engagement, new_value=[object], source=unknown"}
{"logTime": "1002/141443", "level": "INFO", "message": "Preference changed: name=profile.last_engagement_time, new_value=\"13435424083359702\", source=unknown"}
{"logTime": "1002/141443", "level": "INFO", "message": "Preference changed: name=edge_rewards.hva_promotions, new_value=[object], source=unknown"}
{"logTime": "1002/141443", "level": "INFO", "message": "Preference changed: name=edge_rewards.hva_promotions, new_value=[object], source=unknown"}
{"logTime": "1002/141443", "level": "INFO", "message": "Preference changed: name=edge_rewards.cache_data, new_value=\"CAEQ0QFKAmlu\", source=unknown"}
{"logTime": "1002/141443", "level": "INFO", "message": "Preference changed: name=muid.values_seen, new_value=[object], source=unknown"}
{"logTime": "1002/141443", "level": "INFO", "message": "Preference changed: name=language_model_counters, new_value=[object], source=unknown"}
{"logTime": "1002/141444", "level": "INFO", "message": "Preference changed: name=sync.transport_data_per_account, new_value=[object], source=unknown"}
{"logTime": "1002/141444", "level": "INFO", "message": "Preference changed: name=sync.transport_data_per_account, new_value=[object], source=unknown"}
{"logTime": "1002/141444", "level": "INFO", "message": "Preference changed: name=sync.local_device_guids_with_timestamp, new_value=[object], source=unknown"}
{"logTime": "1002/141444", "level": "INFO", "message": "Preference changed: name=sync.local_device_guids_with_timestamp, new_value=[object], source=unknown"}
{"logTime": "1002/141444", "level": "INFO", "message": "Preference changed: name=sync.transport_data_per_account, new_value=[object], source=unknown"}
{"logTime": "1002/141444", "level": "INFO", "message": "Preference changed: name=sync.transport_data_per_account, new_value=[object], source=unknown"}
{"logTime": "1002/141444", "level": "INFO", "message": "Preference changed: name=sync.transport_data_per_account, new_value=[object], source=unknown"}
{"logTime": "1002/141446", "level": "INFO", "message": "Preference changed: name=browser.edge_sidebar_visibility_debug, new_value=[object], source=unknown"}
{"logTime": "1002/141446", "level": "INFO", "message": "Preference changed: name=edge_pinning_campaign.precomputed_campaign_data, new_value=[object], source=unknown"}
{"logTime": "1002/141446", "level": "INFO", "message": "Preference changed: name=web_apps.did_migrate_default_chrome_apps, new_value=[object], source=unknown"}
{"logTime": "1002/141446", "level": "INFO", "message": "Preference changed: name=web_apps.did_migrate_default_chrome_apps, new_value=[object], source=unknown"}
{"logTime": "1002/141446", "level": "INFO", "message": "Preference changed: name=extensions.settings, new_value=[object], source=unknown"}
{"logTime": "1002/141446", "level": "INFO", "message": "Preference changed: name=extensions.settings, new_value=[object], source=unknown"}
{"logTime": "1002/141446", "level": "INFO", "message": "Preference changed: name=extensions.settings, new_value=[object], source=unknown"}
{"logTime": "1002/141446", "level": "INFO", "message": "Preference changed: name=extensions.settings, new_value=[object], source=unknown"}
{"logTime": "1002/141446", "level": "INFO", "message": "Preference changed: name=extensions.settings, new_value=[object], source=unknown"}
{"logTime": "1002/141446", "level": "INFO", "message": "Preference changed: name=extensions.settings, new_value=[object], source=unknown"}
{"logTime": "1002/141446", "level": "INFO", "message": "Preference changed: name=extensions.settings, new_value=[object], source=unknown"}
{"logTime": "1002/141446", "level": "INFO", "message": "Preference changed: name=extensions.settings, new_value=[object], source=unknown"}
{"logTime": "1002/141446", "level": "INFO", "message": "Preference changed: name=extensions.settings, new_value=[object], source=unknown"}
{"logTime": "1002/141446", "level": "INFO", "message": "Preference changed: name=extensions.settings, new_value=[object], source=unknown"}
{"logTime": "1002/141446", "level": "INFO", "message": "Preference changed: name=extensions.settings, new_value=[object], source=unknown"}
{"logTime": "1002/141446", "level": "INFO", "message": "Preference changed: name=extensions.settings, new_value=[object], source=unknown"}
{"logTime": "1002/141446", "level": "INFO", "message": "Preference changed: name=pinned_sites.pin_metadata, new_value=[object], source=unknown"}
{"logTime": "1002/141448", "level": "INFO", "message": "Preference changed: name=browser.hub_cleanup_candidate_list_for_debug, new_value=[object], source=unknown"}
{"logTime": "1002/141448", "level": "INFO", "message": "Preference changed: name=sync.transport_data_per_account, new_value=[object], source=unknown"}
{"logTime": "1002/141448", "level": "INFO", "message": "Preference changed: name=sync.transport_data_per_account, new_value=[object], source=unknown"}
{"logTime": "1002/141448", "level": "INFO", "message": "Preference changed: name=sync.transport_data_per_account, new_value=[object], source=unknown"}
{"logTime": "1002/141453", "level": "INFO", "message": "Preference changed: name=browser.edge_sidebar_visibility, new_value=[object], source=unknown"}
{"logTime": "1002/141453", "level": "INFO", "message": "Preference changed: name=browser.edge_sidebar_visibility, new_value=[object], source=unknown"}
{"logTime": "1002/141453", "level": "INFO", "message": "PrefStore write completed: store=4, success=true"}
{"logTime": "1002/141453", "level": "INFO", "message": "PrefStore write completed: store=4, success=true"}
{"logTime": "1002/141453", "level": "INFO", "message": "Preference changed: name=profile.content_settings.exceptions.site_engagement, new_value=[object], source=unknown"}
{"logTime": "1002/141453", "level": "INFO", "message": "Preference changed: name=profile.last_engagement_time, new_value=\"13435424093895164\", source=unknown"}
{"logTime": "1002/141458", "level": "INFO", "message": "Preference changed: name=toolbar_declutter.undo.last_time, new_value=\"13435424098422809\", source=unknown"}
{"logTime": "1002/141458", "level": "INFO", "message": "Preference changed: name=toolbar_declutter.new_user_cleanup_triggered, new_value=true, source=unknown"}
{"logTime": "1002/141458", "level": "INFO", "message": "Preference changed: name=in_product_help.session_last_active_time, new_value=\"13435424088422946\", source=unknown"}
{"logTime": "1002/141503", "level": "INFO", "message": "Preference changed: name=profile.content_settings.exceptions.site_engagement, new_value=[object], source=unknown"}
{"logTime": "1002/141503", "level": "INFO", "message": "Preference changed: name=profile.last_engagement_time, new_value=\"13435424103898992\", source=unknown"}
{"logTime": "1002/141938", "level": "INFO", "message": "UserPrefStore loaded: error=NONE (0)"}
{"logTime": "1002/141938", "level": "INFO", "message": "Preference changed: name=optimization_guide.previously_registered_optimization_types, new_value=[object], source=unknown"}
{"logTime": "1002/141938", "level": "INFO", "message": "Preference changed: name=extensions.chrome_url_overrides, new_value=[object], source=unknown"}
{"logTime": "1002/141938", "level": "INFO", "message": "Preference changed: name=sessions.event_log, new_value=[object], source=unknown"}
{"logTime": "1002/141938", "level": "INFO", "message": "Preference changed: name=optimization_guide.previously_registered_optimization_types, new_value=[object], source=unknown"}
{"logTime": "1002/141938", "level": "INFO", "message": "Preference changed: name=optimization_guide.previously_registered_optimization_types, new_value=[object], source=unknown"}
{"logTime": "1002/141938", "level": "INFO", "message": "Preference changed: name=optimization_guide.previously_registered_optimization_types, new_value=[object], source=unknown"}
{"logTime": "1002/141938", "level": "INFO", "message": "Preference changed: name=browser.edge_sidebar_visibility, new_value=[object], source=unknown"}
{"logTime": "1002/141938", "level": "INFO", "message": "Preference changed: name=browser.edge_sidebar_visibility, new_value=[object], source=unknown"}
{"logTime": "1002/141938", "level": "INFO", "message": "Preference changed: name=optimization_guide.previously_registered_optimization_types, new_value=[object], source=unknown"}
{"logTime": "1002/141938", "level": "INFO", "message": "Preference changed: name=optimization_guide.previously_registered_optimization_types, new_value=[object], source=unknown"}
{"logTime": "1002/141938", "level": "INFO", "message": "Preference changed: name=edge_pinning_campaign.precomputed_campaign_data, new_value=[object], source=unknown"}
{"logTime": "1002/141938", "level": "INFO", "message": "Preference changed: name=profile.network_pbs, new_value=[object], source=unknown"}
{"logTime": "1002/141938", "level": "INFO", "message": "Preference changed: name=profile.password_hash_data_list, new_value=[object], source=unknown"}
{"logTime": "1002/141938", "level": "INFO", "message": "Preference changed: name=edge_rewards.hva_promotions, new_value=[object], source=unknown"}
{"logTime": "1002/141938", "level": "INFO", "message": "Preference changed: name=profile.edge_crash_exit_count, new_value=2, source=unknown"}
{"logTime": "1002/141938", "level": "INFO", "message": "Preference changed: name=optimization_guide.previously_registered_optimization_types, new_value=[object], source=unknown"}
{"logTime": "1002/141938", "level": "INFO", "message": "Preference changed: name=in_product_help.session_last_active_time, new_value=\"13435424378519591\", source=unknown"}
{"logTime": "1002/141938", "level": "INFO", "message": "Preference changed: name=optimization_guide.previously_registered_optimization_types, new_value=[object], source=unknown"}
{"logTime": "1002/141938", "level": "INFO", "message": "Preference changed: name=profile.content_settings.exceptions.storage_access_header_origin_trial, new_value=[object], source=unknown"}
{"logTime": "1002/141938", "level": "INFO", "message": "Preference changed: name=edge_rewards.cache_data, new_value=\"CAA=\", source=unknown"}
{"logTime": "1002/141938", "level": "INFO", "message": "Preference changed: name=schedule_to_flush_to_disk, new_value=\"13435424378650855\", source=unknown"}
{"logTime": "1002/141938", "level": "INFO", "message": "Preference changed: name=schedule_to_flush_to_disk, new_value=\"13435424378656912\", source=unknown"}
{"logTime": "1002/141938", "level": "INFO", "message": "Preference changed: name=account_info, new_value=[object], source=unknown"}
{"logTime": "1002/141938", "level": "INFO", "message": "Preference changed: name=safebrowsing.advanced_protection_last_refresh, new_value=\"13435424378659901\", source=unknown"}
{"logTime": "1002/141938", "level": "INFO", "message": "Preference changed: name=optimization_guide.previously_registered_optimization_types, new_value=[object], source=unknown"}
{"logTime": "1002/141938", "level": "INFO", "message": "Preference changed: name=extensions.chrome_url_overrides, new_value=[object], source=unknown"}
{"logTime": "1002/141938", "level": "INFO", "message": "PrefStore write completed: store=4, success=true"}
{"logTime": "1002/141938", "level": "INFO", "message": "PrefStore write completed: store=4, success=true"}
{"logTime": "1002/141938", "level": "INFO", "message": "Preference changed: name=profile.edge_user_with_non_zero_passwords, new_value=false, source=unknown"}
{"logTime": "1002/141938", "level": "INFO", "message": "Preference changed: name=profile.edge_user_with_non_zero_passwords, new_value=true, source=unknown"}
{"logTime": "1002/141938", "level": "INFO", "message": "Preference changed: name=browser.edge_sidebar_visibility_debug, new_value=[object], source=unknown"}
{"logTime": "1002/141938", "level": "INFO", "message": "Preference changed: name=extensions.settings, new_value=[object], source=unknown"}
{"logTime": "1002/141938", "level": "INFO", "message": "Preference changed: name=extensions.settings, new_value=[object], source=unknown"}
{"logTime": "1002/141938", "level": "INFO", "message": "Preference changed: name=extensions.settings, new_value=[object], source=unknown"}
{"logTime": "1002/141938", "level": "INFO", "message": "Preference changed: name=extensions.settings, new_value=[object], source=unknown"}
{"logTime": "1002/141938", "level": "INFO", "message": "Preference changed: name=extensions.settings, new_value=[object], source=unknown"}
{"logTime": "1002/141938", "level": "INFO", "message": "Preference changed: name=extensions.settings, new_value=[object], source=unknown"}
{"logTime": "1002/141938", "level": "INFO", "message": "Preference changed: name=extensions.settings, new_value=[object], source=unknown"}
{"logTime": "1002/141938", "level": "INFO", "message": "Preference changed: name=extensions.settings, new_value=[object], source=unknown"}
{"logTime": "1002/141938", "level": "INFO", "message": "Preference changed: name=extensions.settings, new_value=[object], source=unknown"}
{"logTime": "1002/141938", "level": "INFO", "message": "Preference changed: name=extensions.settings, new_value=[object], source=unknown"}
{"logTime": "1002/141938", "level": "INFO", "message": "Preference changed: name=extensions.settings, new_value=[object], source=unknown"}
{"logTime": "1002/141938", "level": "INFO", "message": "Preference changed: name=extensions.settings, new_value=[object], source=unknown"}
{"logTime": "1002/141938", "level": "INFO", "message": "Preference changed: name=browser.hub_app_non_synced_preferences, new_value=[object], source=unknown"}
{"logTime": "1002/141938", "level": "INFO", "message": "Preference changed: name=browser.hub_app_non_synced_preferences, new_value=[object], source=unknown"}
{"logTime": "1002/141938", "level": "INFO", "message": "Preference changed: name=browser.hub_app_non_synced_preferences, new_value=[object], source=unknown"}
{"logTime": "1002/141938", "level": "INFO", "message": "Preference changed: name=browser.hub_app_non_synced_preferences, new_value=[object], source=unknown"}
{"logTime": "1002/141938", "level": "INFO", "message": "Preference changed: name=browser.hub_app_non_synced_preferences, new_value=[object], source=unknown"}
{"logTime": "1002/141938", "level": "INFO", "message": "Preference changed: name=browser.hub_app_non_synced_preferences, new_value=[object], source=unknown"}
{"logTime": "1002/141938", "level": "INFO", "message": "Preference changed: name=browser.hub_app_non_synced_preferences, new_value=[object], source=unknown"}
{"logTime": "1002/141938", "level": "INFO", "message": "Preference changed: name=browser.hub_app_non_synced_preferences, new_value=[object], source=unknown"}
{"logTime": "1002/141938", "level": "INFO", "message": "Preference changed: name=browser.hub_app_non_synced_preferences, new_value=[object], source=unknown"}
{"logTime": "1002/141938", "level": "INFO", "message": "Preference changed: name=browser.hub_app_non_synced_preferences, new_value=[object], source=unknown"}
{"logTime": "1002/141938", "level": "INFO", "message": "Preference changed: name=browser.hub_app_non_synced_preferences, new_value=[object], source=unknown"}
{"logTime": "1002/141938", "level": "INFO", "message": "Preference changed: name=browser.hub_app_non_synced_preferences, new_value=[object], source=unknown"}
{"logTime": "1002/141938", "level": "INFO", "message": "Preference changed: name=browser.hub_app_non_synced_preferences, new_value=[object], source=unknown"}
{"logTime": "1002/141938", "level": "INFO", "message": "Preference changed: name=browser.hub_app_non_synced_preferences, new_value=[object], source=unknown"}
{"logTime": "1002/141938", "level": "INFO", "message": "Preference changed: name=browser.hub_app_non_synced_preferences, new_value=[object], source=unknown"}
{"logTime": "1002/141938", "level": "INFO", "message": "Preference changed: name=browser.hub_app_non_synced_preferences, new_value=[object], source=unknown"}
{"logTime": "1002/141938", "level": "INFO", "message": "Preference changed: name=browser.hub_app_non_synced_preferences, new_value=[object], source=unknown"}
{"logTime": "1002/141938", "level": "INFO", "message": "Preference changed: name=browser.hub_app_non_synced_preferences, new_value=[object], source=unknown"}
{"logTime": "1002/141938", "level": "INFO", "message": "Preference changed: name=browser.hub_app_non_synced_preferences, new_value=[object], source=unknown"}
{"logTime": "1002/141938", "level": "INFO", "message": "Preference changed: name=browser.hub_app_non_synced_preferences, new_value=[object], source=unknown"}
{"logTime": "1002/141938", "level": "INFO", "message": "Preference changed: name=browser.hub_app_non_synced_preferences, new_value=[object], source=unknown"}
{"logTime": "1002/141938", "level": "INFO", "message": "Preference changed: name=browser.hub_app_non_synced_preferences, new_value=[object], source=unknown"}
{"logTime": "1002/141938", "level": "INFO", "message": "Preference changed: name=browser.hub_app_non_synced_preferences, new_value=[object], source=unknown"}
{"logTime": "1002/141938", "level": "INFO", "message": "Preference changed: name=browser.hub_app_non_synced_preferences, new_value=[object], source=unknown"}
{"logTime": "1002/141938", "level": "INFO", "message": "Preference changed: name=browser.hub_app_non_synced_preferences, new_value=[object], source=unknown"}
{"logTime": "1002/141938", "level": "INFO", "message": "Preference changed: name=browser.hub_app_non_synced_preferences, new_value=[object], source=unknown"}
{"logTime": "1002/141938", "level": "INFO", "message": "Preference changed: name=browser.hub_cleanup_candidate_list_for_debug, new_value=[object], source=unknown"}
{"logTime": "1002/141938", "level": "INFO", "message": "Preference changed: name=profile.network_pbs, new_value=[object], source=sync"}
{"logTime": "1002/141938", "level": "INFO", "message": "Preference changed: name=profile.network_pbs, new_value=[object], source=sync"}
{"logTime": "1002/141938", "level": "INFO", "message": "Preference changed: name=smart_explore.on_image_hover, new_value=false, source=unknown"}
{"logTime": "1002/141938", "level": "INFO", "message": "Preference changed: name=sync.local_device_guids_with_timestamp, new_value=[object], source=unknown"}
{"logTime": "1002/141939", "level": "INFO", "message": "Preference changed: name=session_restore_prompt.ignored, new_value=true, source=unknown"}
{"logTime": "1002/141939", "level": "INFO", "message": "Preference changed: name=profile.content_settings.exceptions.site_engagement, new_value=[object], source=unknown"}
{"logTime": "1002/141939", "level": "INFO", "message": "Preference changed: name=profile.last_engagement_time, new_value=\"13435424379104581\", source=unknown"}
{"logTime": "1002/141939", "level": "INFO", "message": "Preference changed: name=muid.values_seen, new_value=[object], source=unknown"}
{"logTime": "1002/141939", "level": "INFO", "message": "Preference changed: name=edge_rewards.hva_promotions, new_value=[object], source=unknown"}
{"logTime": "1002/141939", "level": "INFO", "message": "Preference changed: name=edge_rewards.hva_promotions, new_value=[object], source=unknown"}
{"logTime": "1002/141939", "level": "INFO", "message": "Preference changed: name=edge_rewards.cache_data, new_value=\"CAEQ0QFKAmlu\", source=unknown"}
{"logTime": "1002/141939", "level": "INFO", "message": "Preference changed: name=language_model_counters, new_value=[object], source=unknown"}
{"logTime": "1002/141939", "level": "INFO", "message": "Preference changed: name=sync.transport_data_per_account, new_value=[object], source=unknown"}
{"logTime": "1002/141939", "level": "INFO", "message": "Preference changed: name=sync.transport_data_per_account, new_value=[object], source=unknown"}
{"logTime": "1002/141939", "level": "INFO", "message": "Preference changed: name=sync.local_device_guids_with_timestamp, new_value=[object], source=unknown"}
{"logTime": "1002/141939", "level": "INFO", "message": "Preference changed: name=sync.local_device_guids_with_timestamp, new_value=[object], source=unknown"}
{"logTime": "1002/141940", "level": "INFO", "message": "Preference changed: name=sync.transport_data_per_account, new_value=[object], source=unknown"}
{"logTime": "1002/141940", "level": "INFO", "message": "Preference changed: name=sync.transport_data_per_account, new_value=[object], source=unknown"}
{"logTime": "1002/141940", "level": "INFO", "message": "Preference changed: name=sync.transport_data_per_account, new_value=[object], source=unknown"}
{"logTime": "1002/141942", "level": "INFO", "message": "Preference changed: name=browser.edge_sidebar_visibility_debug, new_value=[object], source=unknown"}
{"logTime": "1002/141942", "level": "INFO", "message": "Preference changed: name=edge_pinning_campaign.precomputed_campaign_data, new_value=[object], source=unknown"}
{"logTime": "1002/141942", "level": "INFO", "message": "Preference changed: name=web_apps.did_migrate_default_chrome_apps, new_value=[object], source=unknown"}
{"logTime": "1002/141942", "level": "INFO", "message": "Preference changed: name=web_apps.did_migrate_default_chrome_apps, new_value=[object], source=unknown"}
{"logTime": "1002/141943", "level": "INFO", "message": "Preference changed: name=extensions.settings, new_value=[object], source=unknown"}
{"logTime": "1002/141943", "level": "INFO", "message": "Preference changed: name=extensions.settings, new_value=[object], source=unknown"}
{"logTime": "1002/141943", "level": "INFO", "message": "Preference changed: name=extensions.settings, new_value=[object], source=unknown"}
{"logTime": "1002/141943", "level": "INFO", "message": "Preference changed: name=extensions.settings, new_value=[object], source=unknown"}
{"logTime": "1002/141943", "level": "INFO", "message": "Preference changed: name=extensions.settings, new_value=[object], source=unknown"}
{"logTime": "1002/141943", "level": "INFO", "message": "Preference changed: name=extensions.settings, new_value=[object], source=unknown"}
{"logTime": "1002/141943", "level": "INFO", "message": "Preference changed: name=extensions.settings, new_value=[object], source=unknown"}
{"logTime": "1002/141943", "level": "INFO", "message": "Preference changed: name=extensions.settings, new_value=[object], source=unknown"}
{"logTime": "1002/141943", "level": "INFO", "message": "Preference changed: name=extensions.settings, new_value=[object], source=unknown"}
{"logTime": "1002/141943", "level": "INFO", "message": "Preference changed: name=extensions.settings, new_value=[object], source=unknown"}
{"logTime": "1002/141943", "level": "INFO", "message": "Preference changed: name=extensions.settings, new_value=[object], source=unknown"}
{"logTime": "1002/141943", "level": "INFO", "message": "Preference changed: name=extensions.settings, new_value=[object], source=unknown"}
{"logTime": "1002/141943", "level": "INFO", "message": "Preference changed: name=pinned_sites.pin_metadata, new_value=[object], source=unknown"}
{"logTime": "1002/141943", "level": "INFO", "message": "Preference changed: name=browser.hub_cleanup_candidate_list_for_debug, new_value=[object], source=unknown"}
{"logTime": "1002/141948", "level": "INFO", "message": "Preference changed: name=browser.edge_sidebar_visibility, new_value=[object], source=unknown"}
{"logTime": "1002/141948", "level": "INFO", "message": "Preference changed: name=browser.edge_sidebar_visibility, new_value=[object], source=unknown"}
{"logTime": "1002/141949", "level": "INFO", "message": "PrefStore write completed: store=4, success=true"}
{"logTime": "1002/141949", "level": "INFO", "message": "PrefStore write completed: store=4, success=true"}
{"logTime": "1002/141949", "level": "INFO", "message": "Preference changed: name=profile.content_settings.exceptions.site_engagement, new_value=[object], source=unknown"}
{"logTime": "1002/141949", "level": "INFO", "message": "Preference changed: name=profile.last_engagement_time, new_value=\"13435424389682454\", source=unknown"}
{"logTime": "1002/141953", "level": "INFO", "message": "Preference changed: name=toolbar_declutter.undo.last_time, new_value=\"13435424393515029\", source=unknown"}
{"logTime": "1002/141953", "level": "INFO", "message": "Preference changed: name=toolbar_declutter.new_user_cleanup_triggered, new_value=true, source=unknown"}
{"logTime": "1002/141953", "level": "INFO", "message": "Preference changed: name=in_product_help.session_last_active_time, new_value=\"13435424392531512\", source=unknown"}
{"logTime": "1002/141959", "level": "INFO", "message": "Preference changed: name=profile.content_settings.exceptions.site_engagement, new_value=[object], source=unknown"}
{"logTime": "1002/141959", "level": "INFO", "message": "Preference changed: name=profile.last_engagement_time, new_value=\"13435424399695661\", source=unknown"}
{"logTime": "1002/142319", "level": "INFO", "message": "UserPrefStore loaded: error=NONE (0)"}
{"logTime": "1002/142319", "level": "INFO", "message": "Preference changed: name=optimization_guide.previously_registered_optimization_types, new_value=[object], source=unknown"}
{"logTime": "1002/142319", "level": "INFO", "message": "Preference changed: name=extensions.chrome_url_overrides, new_value=[object], source=unknown"}
{"logTime": "1002/142319", "level": "INFO", "message": "Preference changed: name=sessions.event_log, new_value=[object], source=unknown"}
{"logTime": "1002/142319", "level": "INFO", "message": "Preference changed: name=optimization_guide.previously_registered_optimization_types, new_value=[object], source=unknown"}
{"logTime": "1002/142319", "level": "INFO", "message": "Preference changed: name=optimization_guide.previously_registered_optimization_types, new_value=[object], source=unknown"}
{"logTime": "1002/142319", "level": "INFO", "message": "Preference changed: name=optimization_guide.previously_registered_optimization_types, new_value=[object], source=unknown"}
{"logTime": "1002/142319", "level": "INFO", "message": "Preference changed: name=browser.edge_sidebar_visibility, new_value=[object], source=unknown"}
{"logTime": "1002/142319", "level": "INFO", "message": "Preference changed: name=browser.edge_sidebar_visibility, new_value=[object], source=unknown"}
{"logTime": "1002/142319", "level": "INFO", "message": "Preference changed: name=optimization_guide.previously_registered_optimization_types, new_value=[object], source=unknown"}
{"logTime": "1002/142319", "level": "INFO", "message": "Preference changed: name=optimization_guide.previously_registered_optimization_types, new_value=[object], source=unknown"}
{"logTime": "1002/142319", "level": "INFO", "message": "Preference changed: name=edge_pinning_campaign.precomputed_campaign_data, new_value=[object], source=unknown"}
{"logTime": "1002/142319", "level": "INFO", "message": "Preference changed: name=profile.network_pbs, new_value=[object], source=unknown"}
{"logTime": "1002/142319", "level": "INFO", "message": "Preference changed: name=profile.password_hash_data_list, new_value=[object], source=unknown"}
{"logTime": "1002/142319", "level": "INFO", "message": "Preference changed: name=edge_rewards.hva_promotions, new_value=[object], source=unknown"}
{"logTime": "1002/142319", "level": "INFO", "message": "Preference changed: name=profile.edge_crash_exit_count, new_value=3, source=unknown"}
{"logTime": "1002/142319", "level": "INFO", "message": "Preference changed: name=optimization_guide.previously_registered_optimization_types, new_value=[object], source=unknown"}
{"logTime": "1002/142319", "level": "INFO", "message": "Preference changed: name=in_product_help.session_last_active_time, new_value=\"13435424599291424\", source=unknown"}
{"logTime": "1002/142319", "level": "INFO", "message": "Preference changed: name=optimization_guide.previously_registered_optimization_types, new_value=[object], source=unknown"}
{"logTime": "1002/142319", "level": "INFO", "message": "Preference changed: name=profile.content_settings.exceptions.storage_access_header_origin_trial, new_value=[object], source=unknown"}
{"logTime": "1002/142319", "level": "INFO", "message": "Preference changed: name=edge_rewards.cache_data, new_value=\"CAA=\", source=unknown"}
{"logTime": "1002/142319", "level": "INFO", "message": "Preference changed: name=schedule_to_flush_to_disk, new_value=\"13435424599371123\", source=unknown"}
{"logTime": "1002/142319", "level": "INFO", "message": "Preference changed: name=schedule_to_flush_to_disk, new_value=\"13435424599374486\", source=unknown"}
{"logTime": "1002/142319", "level": "INFO", "message": "Preference changed: name=account_info, new_value=[object], source=unknown"}
{"logTime": "1002/142319", "level": "INFO", "message": "Preference changed: name=safebrowsing.advanced_protection_last_refresh, new_value=\"13435424599375909\", source=unknown"}
{"logTime": "1002/142319", "level": "INFO", "message": "Preference changed: name=extensions.chrome_url_overrides, new_value=[object], source=unknown"}
{"logTime": "1002/142319", "level": "INFO", "message": "Preference changed: name=optimization_guide.previously_registered_optimization_types, new_value=[object], source=unknown"}
{"logTime": "1002/142319", "level": "INFO", "message": "PrefStore write completed: store=4, success=true"}
{"logTime": "1002/142319", "level": "INFO", "message": "PrefStore write completed: store=4, success=true"}
{"logTime": "1002/142319", "level": "INFO", "message": "Preference changed: name=profile.edge_user_with_non_zero_passwords, new_value=false, source=unknown"}
{"logTime": "1002/142319", "level": "INFO", "message": "Preference changed: name=profile.edge_user_with_non_zero_passwords, new_value=true, source=unknown"}
{"logTime": "1002/142319", "level": "INFO", "message": "Preference changed: name=browser.edge_sidebar_visibility_debug, new_value=[object], source=unknown"}
{"logTime": "1002/142319", "level": "INFO", "message": "Preference changed: name=extensions.settings, new_value=[object], source=unknown"}
{"logTime": "1002/142319", "level": "INFO", "message": "Preference changed: name=extensions.settings, new_value=[object], source=unknown"}
{"logTime": "1002/142319", "level": "INFO", "message": "Preference changed: name=extensions.settings, new_value=[object], source=unknown"}
{"logTime": "1002/142319", "level": "INFO", "message": "Preference changed: name=extensions.settings, new_value=[object], source=unknown"}
{"logTime": "1002/142319", "level": "INFO", "message": "Preference changed: name=extensions.settings, new_value=[object], source=unknown"}
{"logTime": "1002/142319", "level": "INFO", "message": "Preference changed: name=extensions.settings, new_value=[object], source=unknown"}
{"logTime": "1002/142319", "level": "INFO", "message": "Preference changed: name=extensions.settings, new_value=[object], source=unknown"}
{"logTime": "1002/142319", "level": "INFO", "message": "Preference changed: name=extensions.settings, new_value=[object], source=unknown"}
{"logTime": "1002/142319", "level": "INFO", "message": "Preference changed: name=extensions.settings, new_value=[object], source=unknown"}
{"logTime": "1002/142319", "level": "INFO", "message": "Preference changed: name=extensions.settings, new_value=[object], source=unknown"}
{"logTime": "1002/142319", "level": "INFO", "message": "Preference changed: name=extensions.settings, new_value=[object], source=unknown"}
{"logTime": "1002/142319", "level": "INFO", "message": "Preference changed: name=extensions.settings, new_value=[object], source=unknown"}
{"logTime": "1002/142319", "level": "INFO", "message": "Preference changed: name=browser.hub_app_non_synced_preferences, new_value=[object], source=unknown"}
{"logTime": "1002/142319", "level": "INFO", "message": "Preference changed: name=browser.hub_app_non_synced_preferences, new_value=[object], source=unknown"}
{"logTime": "1002/142319", "level": "INFO", "message": "Preference changed: name=browser.hub_app_non_synced_preferences, new_value=[object], source=unknown"}
{"logTime": "1002/142319", "level": "INFO", "message": "Preference changed: name=browser.hub_app_non_synced_preferences, new_value=[object], source=unknown"}
{"logTime": "1002/142319", "level": "INFO", "message": "Preference changed: name=browser.hub_app_non_synced_preferences, new_value=[object], source=unknown"}
{"logTime": "1002/142319", "level": "INFO", "message": "Preference changed: name=browser.hub_app_non_synced_preferences, new_value=[object], source=unknown"}
{"logTime": "1002/142319", "level": "INFO", "message": "Preference changed: name=browser.hub_app_non_synced_preferences, new_value=[object], source=unknown"}
{"logTime": "1002/142319", "level": "INFO", "message": "Preference changed: name=browser.hub_app_non_synced_preferences, new_value=[object], source=unknown"}
{"logTime": "1002/142319", "level": "INFO", "message": "Preference changed: name=browser.hub_app_non_synced_preferences, new_value=[object], source=unknown"}
{"logTime": "1002/142319", "level": "INFO", "message": "Preference changed: name=browser.hub_app_non_synced_preferences, new_value=[object], source=unknown"}
{"logTime": "1002/142319", "level": "INFO", "message": "Preference changed: name=browser.hub_app_non_synced_preferences, new_value=[object], source=unknown"}
{"logTime": "1002/142319", "level": "INFO", "message": "Preference changed: name=browser.hub_app_non_synced_preferences, new_value=[object], source=unknown"}
{"logTime": "1002/142319", "level": "INFO", "message": "Preference changed: name=browser.hub_app_non_synced_preferences, new_value=[object], source=unknown"}
{"logTime": "1002/142319", "level": "INFO", "message": "Preference changed: name=browser.hub_app_non_synced_preferences, new_value=[object], source=unknown"}
{"logTime": "1002/142319", "level": "INFO", "message": "Preference changed: name=browser.hub_app_non_synced_preferences, new_value=[object], source=unknown"}
{"logTime": "1002/142319", "level": "INFO", "message": "Preference changed: name=browser.hub_app_non_synced_preferences, new_value=[object], source=unknown"}
{"logTime": "1002/142319", "level": "INFO", "message": "Preference changed: name=browser.hub_app_non_synced_preferences, new_value=[object], source=unknown"}
{"logTime": "1002/142319", "level": "INFO", "message": "Preference changed: name=browser.hub_app_non_synced_preferences, new_value=[object], source=unknown"}
{"logTime": "1002/142319", "level": "INFO", "message": "Preference changed: name=browser.hub_app_non_synced_preferences, new_value=[object], source=unknown"}
{"logTime": "1002/142319", "level": "INFO", "message": "Preference changed: name=browser.hub_app_non_synced_preferences, new_value=[object], source=unknown"}
{"logTime": "1002/142319", "level": "INFO", "message": "Preference changed: name=browser.hub_app_non_synced_preferences, new_value=[object], source=unknown"}
{"logTime": "1002/142319", "level": "INFO", "message": "Preference changed: name=browser.hub_app_non_synced_preferences, new_value=[object], source=unknown"}
{"logTime": "1002/142319", "level": "INFO", "message": "Preference changed: name=browser.hub_app_non_synced_preferences, new_value=[object], source=unknown"}
{"logTime": "1002/142319", "level": "INFO", "message": "Preference changed: name=browser.hub_app_non_synced_preferences, new_value=[object], source=unknown"}
{"logTime": "1002/142319", "level": "INFO", "message": "Preference changed: name=browser.hub_app_non_synced_preferences, new_value=[object], source=unknown"}
{"logTime": "1002/142319", "level": "INFO", "message": "Preference changed: name=browser.hub_app_non_synced_preferences, new_value=[object], source=unknown"}
{"logTime": "1002/142319", "level": "INFO", "message": "Preference changed: name=browser.hub_cleanup_candidate_list_for_debug, new_value=[object], source=unknown"}
{"logTime": "1002/142319", "level": "INFO", "message": "Preference changed: name=smart_explore.on_image_hover, new_value=false, source=unknown"}
{"logTime": "1002/142319", "level": "INFO", "message": "Preference changed: name=profile.network_pbs, new_value=[object], source=sync"}
{"logTime": "1002/142319", "level": "INFO", "message": "Preference changed: name=profile.network_pbs, new_value=[object], source=sync"}
{"logTime": "1002/142319", "level": "INFO", "message": "Preference changed: name=sync.local_device_guids_with_timestamp, new_value=[object], source=unknown"}
{"logTime": "1002/142319", "level": "INFO", "message": "Preference changed: name=profile.content_settings.exceptions.site_engagement, new_value=[object], source=unknown"}
{"logTime": "1002/142319", "level": "INFO", "message": "Preference changed: name=profile.last_engagement_time, new_value=\"13435424599614473\", source=unknown"}
{"logTime": "1002/142319", "level": "INFO", "message": "Preference changed: name=muid.values_seen, new_value=[object], source=unknown"}
{"logTime": "1002/142320", "level": "INFO", "message": "Preference changed: name=language_model_counters, new_value=[object], source=unknown"}
{"logTime": "1002/142320", "level": "INFO", "message": "Preference changed: name=edge_rewards.hva_promotions, new_value=[object], source=unknown"}
{"logTime": "1002/142320", "level": "INFO", "message": "Preference changed: name=edge_rewards.hva_promotions, new_value=[object], source=unknown"}
{"logTime": "1002/142320", "level": "INFO", "message": "Preference changed: name=edge_rewards.cache_data, new_value=\"CAEQ0QFKAmlu\", source=unknown"}
{"logTime": "1002/142320", "level": "INFO", "message": "Preference changed: name=sync.transport_data_per_account, new_value=[object], source=unknown"}
{"logTime": "1002/142320", "level": "INFO", "message": "Preference changed: name=sync.transport_data_per_account, new_value=[object], source=unknown"}
{"logTime": "1002/142320", "level": "INFO", "message": "Preference changed: name=sync.local_device_guids_with_timestamp, new_value=[object], source=unknown"}
{"logTime": "1002/142320", "level": "INFO", "message": "Preference changed: name=sync.local_device_guids_with_timestamp, new_value=[object], source=unknown"}
{"logTime": "1002/142320", "level": "INFO", "message": "Preference changed: name=sync.transport_data_per_account, new_value=[object], source=unknown"}
{"logTime": "1002/142320", "level": "INFO", "message": "Preference changed: name=sync.transport_data_per_account, new_value=[object], source=unknown"}
{"logTime": "1002/142320", "level": "INFO", "message": "Preference changed: name=sync.transport_data_per_account, new_value=[object], source=unknown"}
{"logTime": "1002/142322", "level": "INFO", "message": "Preference changed: name=browser.edge_sidebar_visibility_debug, new_value=[object], source=unknown"}
{"logTime": "1002/142322", "level": "INFO", "message": "Preference changed: name=edge_pinning_campaign.precomputed_campaign_data, new_value=[object], source=unknown"}
{"logTime": "1002/142322", "level": "INFO", "message": "Preference changed: name=web_apps.did_migrate_default_chrome_apps, new_value=[object], source=unknown"}
{"logTime": "1002/142322", "level": "INFO", "message": "Preference changed: name=web_apps.did_migrate_default_chrome_apps, new_value=[object], source=unknown"}
{"logTime": "1002/142323", "level": "INFO", "message": "Preference changed: name=extensions.settings, new_value=[object], source=unknown"}
{"logTime": "1002/142323", "level": "INFO", "message": "Preference changed: name=extensions.settings, new_value=[object], source=unknown"}
{"logTime": "1002/142323", "level": "INFO", "message": "Preference changed: name=extensions.settings, new_value=[object], source=unknown"}
{"logTime": "1002/142323", "level": "INFO", "message": "Preference changed: name=extensions.settings, new_value=[object], source=unknown"}
{"logTime": "1002/142323", "level": "INFO", "message": "Preference changed: name=extensions.settings, new_value=[object], source=unknown"}
{"logTime": "1002/142323", "level": "INFO", "message": "Preference changed: name=extensions.settings, new_value=[object], source=unknown"}
{"logTime": "1002/142323", "level": "INFO", "message": "Preference changed: name=extensions.settings, new_value=[object], source=unknown"}
{"logTime": "1002/142323", "level": "INFO", "message": "Preference changed: name=extensions.settings, new_value=[object], source=unknown"}
{"logTime": "1002/142323", "level": "INFO", "message": "Preference changed: name=extensions.settings, new_value=[object], source=unknown"}
{"logTime": "1002/142323", "level": "INFO", "message": "Preference changed: name=extensions.settings, new_value=[object], source=unknown"}
{"logTime": "1002/142323", "level": "INFO", "message": "Preference changed: name=extensions.settings, new_value=[object], source=unknown"}
{"logTime": "1002/142323", "level": "INFO", "message": "Preference changed: name=extensions.settings, new_value=[object], source=unknown"}
{"logTime": "1002/142323", "level": "INFO", "message": "Preference changed: name=pinned_sites.pin_metadata, new_value=[object], source=unknown"}
{"logTime": "1002/142324", "level": "INFO", "message": "Preference changed: name=browser.hub_cleanup_candidate_list_for_debug, new_value=[object], source=unknown"}
{"logTime": "1002/142329", "level": "INFO", "message": "Preference changed: name=browser.edge_sidebar_visibility, new_value=[object], source=unknown"}
{"logTime": "1002/142329", "level": "INFO", "message": "Preference changed: name=browser.edge_sidebar_visibility, new_value=[object], source=unknown"}
{"logTime": "1002/142329", "level": "INFO", "message": "PrefStore write completed: store=4, success=true"}
{"logTime": "1002/142329", "level": "INFO", "message": "PrefStore write completed: store=4, success=true"}
{"logTime": "1002/142330", "level": "INFO", "message": "Preference changed: name=profile.content_settings.exceptions.site_engagement, new_value=[object], source=unknown"}
{"logTime": "1002/142330", "level": "INFO", "message": "Preference changed: name=profile.last_engagement_time, new_value=\"13435424610273065\", source=unknown"}
{"logTime": "1002/142334", "level": "INFO", "message": "Preference changed: name=toolbar_declutter.undo.last_time, new_value=\"13435424614288636\", source=unknown"}
{"logTime": "1002/142334", "level": "INFO", "message": "Preference changed: name=toolbar_declutter.new_user_cleanup_triggered, new_value=true, source=unknown"}
{"logTime": "1002/142340", "level": "INFO", "message": "Preference changed: name=profile.content_settings.exceptions.site_engagement, new_value=[object], source=unknown"}
{"logTime": "1002/142340", "level": "INFO", "message": "Preference changed: name=profile.last_engagement_time, new_value=\"13435424620284495\", source=unknown"}
{"logTime": "1002/144036", "level": "INFO", "message": "UserPrefStore loaded: error=NONE (0)"}
{"logTime": "1002/144036", "level": "INFO", "message": "Preference changed: name=optimization_guide.previously_registered_optimization_types, new_value=[object], source=unknown"}
{"logTime": "1002/144036", "level": "INFO", "message": "Preference changed: name=extensions.chrome_url_overrides, new_value=[object], source=unknown"}
{"logTime": "1002/144036", "level": "INFO", "message": "Preference changed: name=sessions.event_log, new_value=[object], source=unknown"}
{"logTime": "1002/144036", "level": "INFO", "message": "Preference changed: name=optimization_guide.previously_registered_optimization_types, new_value=[object], source=unknown"}
{"logTime": "1002/144036", "level": "INFO", "message": "Preference changed: name=optimization_guide.previously_registered_optimization_types, new_value=[object], source=unknown"}
{"logTime": "1002/144036", "level": "INFO", "message": "Preference changed: name=optimization_guide.previously_registered_optimization_types, new_value=[object], source=unknown"}
{"logTime": "1002/144036", "level": "INFO", "message": "Preference changed: name=browser.edge_sidebar_visibility, new_value=[object], source=unknown"}
{"logTime": "1002/144036", "level": "INFO", "message": "Preference changed: name=browser.edge_sidebar_visibility, new_value=[object], source=unknown"}
{"logTime": "1002/144036", "level": "INFO", "message": "Preference changed: name=optimization_guide.previously_registered_optimization_types, new_value=[object], source=unknown"}
{"logTime": "1002/144036", "level": "INFO", "message": "Preference changed: name=optimization_guide.previously_registered_optimization_types, new_value=[object], source=unknown"}
{"logTime": "1002/144036", "level": "INFO", "message": "Preference changed: name=edge_pinning_campaign.precomputed_campaign_data, new_value=[object], source=unknown"}
{"logTime": "1002/144036", "level": "INFO", "message": "Preference changed: name=profile.network_pbs, new_value=[object], source=unknown"}
{"logTime": "1002/144036", "level": "INFO", "message": "Preference changed: name=profile.password_hash_data_list, new_value=[object], source=unknown"}
{"logTime": "1002/144036", "level": "INFO", "message": "Preference changed: name=profile.edge_crash_exit_count, new_value=4, source=unknown"}
{"logTime": "1002/144036", "level": "INFO", "message": "Preference changed: name=optimization_guide.previously_registered_optimization_types, new_value=[object], source=unknown"}
{"logTime": "1002/144036", "level": "INFO", "message": "Preference changed: name=in_product_help.session_last_active_time, new_value=\"13435425636311447\", source=unknown"}
{"logTime": "1002/144036", "level": "INFO", "message": "Preference changed: name=edge_rewards.hva_promotions, new_value=[object], source=unknown"}
{"logTime": "1002/144036", "level": "INFO", "message": "Preference changed: name=optimization_guide.previously_registered_optimization_types, new_value=[object], source=unknown"}
{"logTime": "1002/144036", "level": "INFO", "message": "Preference changed: name=profile.content_settings.exceptions.storage_access_header_origin_trial, new_value=[object], source=unknown"}
{"logTime": "1002/144036", "level": "INFO", "message": "Preference changed: name=edge_rewards.cache_data, new_value=\"CAA=\", source=unknown"}
{"logTime": "1002/144036", "level": "INFO", "message": "Preference changed: name=schedule_to_flush_to_disk, new_value=\"13435425636393778\", source=unknown"}
{"logTime": "1002/144036", "level": "INFO", "message": "Preference changed: name=schedule_to_flush_to_disk, new_value=\"13435425636397140\", source=unknown"}
{"logTime": "1002/144036", "level": "INFO", "message": "Preference changed: name=account_info, new_value=[object], source=unknown"}
{"logTime": "1002/144036", "level": "INFO", "message": "Preference changed: name=safebrowsing.advanced_protection_last_refresh, new_value=\"13435425636398213\", source=unknown"}
{"logTime": "1002/144036", "level": "INFO", "message": "Preference changed: name=extensions.chrome_url_overrides, new_value=[object], source=unknown"}
{"logTime": "1002/144036", "level": "INFO", "message": "Preference changed: name=optimization_guide.previously_registered_optimization_types, new_value=[object], source=unknown"}
{"logTime": "1002/144036", "level": "INFO", "message": "PrefStore write completed: store=4, success=true"}
{"logTime": "1002/144036", "level": "INFO", "message": "PrefStore write completed: store=4, success=true"}
{"logTime": "1002/144036", "level": "INFO", "message": "Preference changed: name=profile.edge_user_with_non_zero_passwords, new_value=false, source=unknown"}
{"logTime": "1002/144036", "level": "INFO", "message": "Preference changed: name=profile.edge_user_with_non_zero_passwords, new_value=true, source=unknown"}
{"logTime": "1002/144036", "level": "INFO", "message": "Preference changed: name=browser.edge_sidebar_visibility_debug, new_value=[object], source=unknown"}
{"logTime": "1002/144036", "level": "INFO", "message": "Preference changed: name=extensions.settings, new_value=[object], source=unknown"}
{"logTime": "1002/144036", "level": "INFO", "message": "Preference changed: name=extensions.settings, new_value=[object], source=unknown"}
{"logTime": "1002/144036", "level": "INFO", "message": "Preference changed: name=extensions.settings, new_value=[object], source=unknown"}
{"logTime": "1002/144036", "level": "INFO", "message": "Preference changed: name=extensions.settings, new_value=[object], source=unknown"}
{"logTime": "1002/144036", "level": "INFO", "message": "Preference changed: name=extensions.settings, new_value=[object], source=unknown"}
{"logTime": "1002/144036", "level": "INFO", "message": "Preference changed: name=extensions.settings, new_value=[object], source=unknown"}
{"logTime": "1002/144036", "level": "INFO", "message": "Preference changed: name=extensions.settings, new_value=[object], source=unknown"}
{"logTime": "1002/144036", "level": "INFO", "message": "Preference changed: name=extensions.settings, new_value=[object], source=unknown"}
{"logTime": "1002/144036", "level": "INFO", "message": "Preference changed: name=extensions.settings, new_value=[object], source=unknown"}
{"logTime": "1002/144036", "level": "INFO", "message": "Preference changed: name=extensions.settings, new_value=[object], source=unknown"}
{"logTime": "1002/144036", "level": "INFO", "message": "Preference changed: name=extensions.settings, new_value=[object], source=unknown"}
{"logTime": "1002/144036", "level": "INFO", "message": "Preference changed: name=extensions.settings, new_value=[object], source=unknown"}
{"logTime": "1002/144036", "level": "INFO", "message": "Preference changed: name=browser.hub_app_non_synced_preferences, new_value=[object], source=unknown"}
{"logTime": "1002/144036", "level": "INFO", "message": "Preference changed: name=browser.hub_app_non_synced_preferences, new_value=[object], source=unknown"}
{"logTime": "1002/144036", "level": "INFO", "message": "Preference changed: name=browser.hub_app_non_synced_preferences, new_value=[object], source=unknown"}
{"logTime": "1002/144036", "level": "INFO", "message": "Preference changed: name=browser.hub_app_non_synced_preferences, new_value=[object], source=unknown"}
{"logTime": "1002/144036", "level": "INFO", "message": "Preference changed: name=browser.hub_app_non_synced_preferences, new_value=[object], source=unknown"}
{"logTime": "1002/144036", "level": "INFO", "message": "Preference changed: name=browser.hub_app_non_synced_preferences, new_value=[object], source=unknown"}
{"logTime": "1002/144036", "level": "INFO", "message": "Preference changed: name=browser.hub_app_non_synced_preferences, new_value=[object], source=unknown"}
{"logTime": "1002/144036", "level": "INFO", "message": "Preference changed: name=browser.hub_app_non_synced_preferences, new_value=[object], source=unknown"}
{"logTime": "1002/144036", "level": "INFO", "message": "Preference changed: name=browser.hub_app_non_synced_preferences, new_value=[object], source=unknown"}
{"logTime": "1002/144036", "level": "INFO", "message": "Preference changed: name=browser.hub_app_non_synced_preferences, new_value=[object], source=unknown"}
{"logTime": "1002/144036", "level": "INFO", "message": "Preference changed: name=browser.hub_app_non_synced_preferences, new_value=[object], source=unknown"}
{"logTime": "1002/144036", "level": "INFO", "message": "Preference changed: name=browser.hub_app_non_synced_preferences, new_value=[object], source=unknown"}
{"logTime": "1002/144036", "level": "INFO", "message": "Preference changed: name=browser.hub_app_non_synced_preferences, new_value=[object], source=unknown"}
{"logTime": "1002/144036", "level": "INFO", "message": "Preference changed: name=browser.hub_app_non_synced_preferences, new_value=[object], source=unknown"}
{"logTime": "1002/144036", "level": "INFO", "message": "Preference changed: name=browser.hub_app_non_synced_preferences, new_value=[object], source=unknown"}
{"logTime": "1002/144036", "level": "INFO", "message": "Preference changed: name=browser.hub_app_non_synced_preferences, new_value=[object], source=unknown"}
{"logTime": "1002/144036", "level": "INFO", "message": "Preference changed: name=browser.hub_app_non_synced_preferences, new_value=[object], source=unknown"}
{"logTime": "1002/144036", "level": "INFO", "message": "Preference changed: name=browser.hub_app_non_synced_preferences, new_value=[object], source=unknown"}
{"logTime": "1002/144036", "level": "INFO", "message": "Preference changed: name=browser.hub_app_non_synced_preferences, new_value=[object], source=unknown"}
{"logTime": "1002/144036", "level": "INFO", "message": "Preference changed: name=browser.hub_app_non_synced_preferences, new_value=[object], source=unknown"}
{"logTime": "1002/144036", "level": "INFO", "message": "Preference changed: name=browser.hub_app_non_synced_preferences, new_value=[object], source=unknown"}
{"logTime": "1002/144036", "level": "INFO", "message": "Preference changed: name=browser.hub_app_non_synced_preferences, new_value=[object], source=unknown"}
{"logTime": "1002/144036", "level": "INFO", "message": "Preference changed: name=browser.hub_app_non_synced_preferences, new_value=[object], source=unknown"}
{"logTime": "1002/144036", "level": "INFO", "message": "Preference changed: name=browser.hub_app_non_synced_preferences, new_value=[object], source=unknown"}
{"logTime": "1002/144036", "level": "INFO", "message": "Preference changed: name=browser.hub_app_non_synced_preferences, new_value=[object], source=unknown"}
{"logTime": "1002/144036", "level": "INFO", "message": "Preference changed: name=browser.hub_app_non_synced_preferences, new_value=[object], source=unknown"}
{"logTime": "1002/144036", "level": "INFO", "message": "Preference changed: name=browser.hub_cleanup_candidate_list_for_debug, new_value=[object], source=unknown"}
{"logTime": "1002/144036", "level": "INFO", "message": "Preference changed: name=profile.network_pbs, new_value=[object], source=sync"}
{"logTime": "1002/144036", "level": "INFO", "message": "Preference changed: name=profile.network_pbs, new_value=[object], source=sync"}
{"logTime": "1002/144036", "level": "INFO", "message": "Preference changed: name=smart_explore.on_image_hover, new_value=false, source=unknown"}
{"logTime": "1002/144036", "level": "INFO", "message": "Preference changed: name=sync.local_device_guids_with_timestamp, new_value=[object], source=unknown"}
{"logTime": "1002/144036", "level": "INFO", "message": "Preference changed: name=profile.content_settings.exceptions.site_engagement, new_value=[object], source=unknown"}
{"logTime": "1002/144036", "level": "INFO", "message": "Preference changed: name=profile.last_engagement_time, new_value=\"13435425636655353\", source=unknown"}
{"logTime": "1002/144036", "level": "INFO", "message": "Preference changed: name=language_model_counters, new_value=[object], source=unknown"}
{"logTime": "1002/144036", "level": "INFO", "message": "Preference changed: name=muid.values_seen, new_value=[object], source=unknown"}
{"logTime": "1002/144036", "level": "INFO", "message": "Preference changed: name=edge_rewards.hva_promotions, new_value=[object], source=unknown"}
{"logTime": "1002/144036", "level": "INFO", "message": "Preference changed: name=edge_rewards.hva_promotions, new_value=[object], source=unknown"}
{"logTime": "1002/144036", "level": "INFO", "message": "Preference changed: name=edge_rewards.cache_data, new_value=\"CAEQ0QFKAmlu\", source=unknown"}
{"logTime": "1002/144037", "level": "INFO", "message": "Preference changed: name=sync.transport_data_per_account, new_value=[object], source=unknown"}
{"logTime": "1002/144037", "level": "INFO", "message": "Preference changed: name=sync.transport_data_per_account, new_value=[object], source=unknown"}
{"logTime": "1002/144037", "level": "INFO", "message": "Preference changed: name=sync.local_device_guids_with_timestamp, new_value=[object], source=unknown"}
{"logTime": "1002/144037", "level": "INFO", "message": "Preference changed: name=sync.local_device_guids_with_timestamp, new_value=[object], source=unknown"}
{"logTime": "1002/144038", "level": "INFO", "message": "Preference changed: name=sync.transport_data_per_account, new_value=[object], source=unknown"}
{"logTime": "1002/144038", "level": "INFO", "message": "Preference changed: name=sync.transport_data_per_account, new_value=[object], source=unknown"}
{"logTime": "1002/144038", "level": "INFO", "message": "Preference changed: name=sync.transport_data_per_account, new_value=[object], source=unknown"}
{"logTime": "1002/144039", "level": "INFO", "message": "Preference changed: name=browser.edge_sidebar_visibility_debug, new_value=[object], source=unknown"}
{"logTime": "1002/144039", "level": "INFO", "message": "Preference changed: name=edge_pinning_campaign.precomputed_campaign_data, new_value=[object], source=unknown"}
{"logTime": "1002/144039", "level": "INFO", "message": "Preference changed: name=web_apps.did_migrate_default_chrome_apps, new_value=[object], source=unknown"}
{"logTime": "1002/144039", "level": "INFO", "message": "Preference changed: name=web_apps.did_migrate_default_chrome_apps, new_value=[object], source=unknown"}
{"logTime": "1002/144040", "level": "INFO", "message": "Preference changed: name=pinned_sites.pin_metadata, new_value=[object], source=unknown"}
{"logTime": "1002/144040", "level": "INFO", "message": "Preference changed: name=extensions.settings, new_value=[object], source=unknown"}
{"logTime": "1002/144040", "level": "INFO", "message": "Preference changed: name=extensions.settings, new_value=[object], source=unknown"}
{"logTime": "1002/144040", "level": "INFO", "message": "Preference changed: name=extensions.settings, new_value=[object], source=unknown"}
{"logTime": "1002/144040", "level": "INFO", "message": "Preference changed: name=extensions.settings, new_value=[object], source=unknown"}
{"logTime": "1002/144040", "level": "INFO", "message": "Preference changed: name=extensions.settings, new_value=[object], source=unknown"}
{"logTime": "1002/144040", "level": "INFO", "message": "Preference changed: name=extensions.settings, new_value=[object], source=unknown"}
{"logTime": "1002/144040", "level": "INFO", "message": "Preference changed: name=extensions.settings, new_value=[object], source=unknown"}
{"logTime": "1002/144040", "level": "INFO", "message": "Preference changed: name=extensions.settings, new_value=[object], source=unknown"}
{"logTime": "1002/144040", "level": "INFO", "message": "Preference changed: name=extensions.settings, new_value=[object], source=unknown"}
{"logTime": "1002/144040", "level": "INFO", "message": "Preference changed: name=extensions.settings, new_value=[object], source=unknown"}
{"logTime": "1002/144040", "level": "INFO", "message": "Preference changed: name=extensions.settings, new_value=[object], source=unknown"}
{"logTime": "1002/144040", "level": "INFO", "message": "Preference changed: name=extensions.settings, new_value=[object], source=unknown"}
{"logTime": "1002/144041", "level": "INFO", "message": "Preference changed: name=browser.hub_cleanup_candidate_list_for_debug, new_value=[object], source=unknown"}
{"logTime": "1002/144046", "level": "INFO", "message": "Preference changed: name=browser.edge_sidebar_visibility, new_value=[object], source=unknown"}
{"logTime": "1002/144046", "level": "INFO", "message": "Preference changed: name=browser.edge_sidebar_visibility, new_value=[object], source=unknown"}
{"logTime": "1002/144046", "level": "INFO", "message": "PrefStore write completed: store=4, success=true"}
{"logTime": "1002/144046", "level": "INFO", "message": "PrefStore write completed: store=4, success=true"}
{"logTime": "1002/144047", "level": "INFO", "message": "Preference changed: name=profile.content_settings.exceptions.site_engagement, new_value=[object], source=unknown"}
{"logTime": "1002/144047", "level": "INFO", "message": "Preference changed: name=profile.last_engagement_time, new_value=\"13435425647163831\", source=unknown"}
{"logTime": "1002/144051", "level": "INFO", "message": "Preference changed: name=toolbar_declutter.undo.last_time, new_value=\"13435425651304234\", source=unknown"}
{"logTime": "1002/144051", "level": "INFO", "message": "Preference changed: name=toolbar_declutter.new_user_cleanup_triggered, new_value=true, source=unknown"}
{"logTime": "1002/144227", "level": "INFO", "message": "UserPrefStore loaded: error=NONE (0)"}
{"logTime": "1002/144227", "level": "INFO", "message": "Preference changed: name=optimization_guide.previously_registered_optimization_types, new_value=[object], source=unknown"}
{"logTime": "1002/144227", "level": "INFO", "message": "Preference changed: name=extensions.chrome_url_overrides, new_value=[object], source=unknown"}
{"logTime": "1002/144227", "level": "INFO", "message": "Preference changed: name=sessions.event_log, new_value=[object], source=unknown"}
{"logTime": "1002/144227", "level": "INFO", "message": "Preference changed: name=optimization_guide.previously_registered_optimization_types, new_value=[object], source=unknown"}
{"logTime": "1002/144227", "level": "INFO", "message": "Preference changed: name=optimization_guide.previously_registered_optimization_types, new_value=[object], source=unknown"}
{"logTime": "1002/144227", "level": "INFO", "message": "Preference changed: name=optimization_guide.previously_registered_optimization_types, new_value=[object], source=unknown"}
{"logTime": "1002/144227", "level": "INFO", "message": "Preference changed: name=browser.edge_sidebar_visibility, new_value=[object], source=unknown"}
{"logTime": "1002/144227", "level": "INFO", "message": "Preference changed: name=browser.edge_sidebar_visibility, new_value=[object], source=unknown"}
{"logTime": "1002/144227", "level": "INFO", "message": "Preference changed: name=optimization_guide.previously_registered_optimization_types, new_value=[object], source=unknown"}
{"logTime": "1002/144227", "level": "INFO", "message": "Preference changed: name=optimization_guide.previously_registered_optimization_types, new_value=[object], source=unknown"}
{"logTime": "1002/144227", "level": "INFO", "message": "Preference changed: name=edge_pinning_campaign.precomputed_campaign_data, new_value=[object], source=unknown"}
{"logTime": "1002/144227", "level": "INFO", "message": "Preference changed: name=profile.network_pbs, new_value=[object], source=unknown"}
{"logTime": "1002/144227", "level": "INFO", "message": "Preference changed: name=profile.password_hash_data_list, new_value=[object], source=unknown"}
{"logTime": "1002/144227", "level": "INFO", "message": "Preference changed: name=profile.edge_crash_exit_count, new_value=5, source=unknown"}
{"logTime": "1002/144227", "level": "INFO", "message": "Preference changed: name=optimization_guide.previously_registered_optimization_types, new_value=[object], source=unknown"}
{"logTime": "1002/144227", "level": "INFO", "message": "Preference changed: name=in_product_help.session_last_active_time, new_value=\"13435425747599055\", source=unknown"}
{"logTime": "1002/144227", "level": "INFO", "message": "Preference changed: name=edge_rewards.hva_promotions, new_value=[object], source=unknown"}
{"logTime": "1002/144227", "level": "INFO", "message": "Preference changed: name=optimization_guide.previously_registered_optimization_types, new_value=[object], source=unknown"}
{"logTime": "1002/144227", "level": "INFO", "message": "Preference changed: name=profile.content_settings.exceptions.storage_access_header_origin_trial, new_value=[object], source=unknown"}
{"logTime": "1002/144227", "level": "INFO", "message": "Preference changed: name=edge_rewards.cache_data, new_value=\"CAA=\", source=unknown"}
{"logTime": "1002/144227", "level": "INFO", "message": "Preference changed: name=schedule_to_flush_to_disk, new_value=\"13435425747655256\", source=unknown"}
{"logTime": "1002/144227", "level": "INFO", "message": "Preference changed: name=schedule_to_flush_to_disk, new_value=\"13435425747658229\", source=unknown"}
{"logTime": "1002/144227", "level": "INFO", "message": "Preference changed: name=account_info, new_value=[object], source=unknown"}
{"logTime": "1002/144227", "level": "INFO", "message": "Preference changed: name=safebrowsing.advanced_protection_last_refresh, new_value=\"13435425747659040\", source=unknown"}
{"logTime": "1002/144227", "level": "INFO", "message": "Preference changed: name=optimization_guide.previously_registered_optimization_types, new_value=[object], source=unknown"}
{"logTime": "1002/144227", "level": "INFO", "message": "Preference changed: name=extensions.chrome_url_overrides, new_value=[object], source=unknown"}
{"logTime": "1002/144227", "level": "INFO", "message": "PrefStore write completed: store=4, success=true"}
{"logTime": "1002/144227", "level": "INFO", "message": "PrefStore write completed: store=4, success=true"}
{"logTime": "1002/144227", "level": "INFO", "message": "Preference changed: name=profile.edge_user_with_non_zero_passwords, new_value=false, source=unknown"}
{"logTime": "1002/144227", "level": "INFO", "message": "Preference changed: name=profile.edge_user_with_non_zero_passwords, new_value=true, source=unknown"}
{"logTime": "1002/144227", "level": "INFO", "message": "Preference changed: name=browser.edge_sidebar_visibility_debug, new_value=[object], source=unknown"}
{"logTime": "1002/144227", "level": "INFO", "message": "Preference changed: name=extensions.settings, new_value=[object], source=unknown"}
{"logTime": "1002/144227", "level": "INFO", "message": "Preference changed: name=extensions.settings, new_value=[object], source=unknown"}
{"logTime": "1002/144227", "level": "INFO", "message": "Preference changed: name=extensions.settings, new_value=[object], source=unknown"}
{"logTime": "1002/144227", "level": "INFO", "message": "Preference changed: name=extensions.settings, new_value=[object], source=unknown"}
{"logTime": "1002/144227", "level": "INFO", "message": "Preference changed: name=extensions.settings, new_value=[object], source=unknown"}
{"logTime": "1002/144227", "level": "INFO", "message": "Preference changed: name=extensions.settings, new_value=[object], source=unknown"}
{"logTime": "1002/144227", "level": "INFO", "message": "Preference changed: name=extensions.settings, new_value=[object], source=unknown"}
{"logTime": "1002/144227", "level": "INFO", "message": "Preference changed: name=extensions.settings, new_value=[object], source=unknown"}
{"logTime": "1002/144227", "level": "INFO", "message": "Preference changed: name=extensions.settings, new_value=[object], source=unknown"}
{"logTime": "1002/144227", "level": "INFO", "message": "Preference changed: name=extensions.settings, new_value=[object], source=unknown"}
{"logTime": "1002/144227", "level": "INFO", "message": "Preference changed: name=extensions.settings, new_value=[object], source=unknown"}
{"logTime": "1002/144227", "level": "INFO", "message": "Preference changed: name=extensions.settings, new_value=[object], source=unknown"}
{"logTime": "1002/144227", "level": "INFO", "message": "Preference changed: name=browser.hub_app_non_synced_preferences, new_value=[object], source=unknown"}
{"logTime": "1002/144227", "level": "INFO", "message": "Preference changed: name=browser.hub_app_non_synced_preferences, new_value=[object], source=unknown"}
{"logTime": "1002/144227", "level": "INFO", "message": "Preference changed: name=browser.hub_app_non_synced_preferences, new_value=[object], source=unknown"}
{"logTime": "1002/144227", "level": "INFO", "message": "Preference changed: name=browser.hub_app_non_synced_preferences, new_value=[object], source=unknown"}
{"logTime": "1002/144227", "level": "INFO", "message": "Preference changed: name=browser.hub_app_non_synced_preferences, new_value=[object], source=unknown"}
{"logTime": "1002/144227", "level": "INFO", "message": "Preference changed: name=browser.hub_app_non_synced_preferences, new_value=[object], source=unknown"}
{"logTime": "1002/144227", "level": "INFO", "message": "Preference changed: name=browser.hub_app_non_synced_preferences, new_value=[object], source=unknown"}
{"logTime": "1002/144227", "level": "INFO", "message": "Preference changed: name=browser.hub_app_non_synced_preferences, new_value=[object], source=unknown"}
{"logTime": "1002/144227", "level": "INFO", "message": "Preference changed: name=browser.hub_app_non_synced_preferences, new_value=[object], source=unknown"}
{"logTime": "1002/144227", "level": "INFO", "message": "Preference changed: name=browser.hub_app_non_synced_preferences, new_value=[object], source=unknown"}
{"logTime": "1002/144227", "level": "INFO", "message": "Preference changed: name=browser.hub_app_non_synced_preferences, new_value=[object], source=unknown"}
{"logTime": "1002/144227", "level": "INFO", "message": "Preference changed: name=browser.hub_app_non_synced_preferences, new_value=[object], source=unknown"}
{"logTime": "1002/144227", "level": "INFO", "message": "Preference changed: name=browser.hub_app_non_synced_preferences, new_value=[object], source=unknown"}
{"logTime": "1002/144227", "level": "INFO", "message": "Preference changed: name=browser.hub_app_non_synced_preferences, new_value=[object], source=unknown"}
{"logTime": "1002/144227", "level": "INFO", "message": "Preference changed: name=browser.hub_app_non_synced_preferences, new_value=[object], source=unknown"}
{"logTime": "1002/144227", "level": "INFO", "message": "Preference changed: name=browser.hub_app_non_synced_preferences, new_value=[object], source=unknown"}
{"logTime": "1002/144227", "level": "INFO", "message": "Preference changed: name=browser.hub_app_non_synced_preferences, new_value=[object], source=unknown"}
{"logTime": "1002/144227", "level": "INFO", "message": "Preference changed: name=browser.hub_app_non_synced_preferences, new_value=[object], source=unknown"}
{"logTime": "1002/144227", "level": "INFO", "message": "Preference changed: name=browser.hub_app_non_synced_preferences, new_value=[object], source=unknown"}
{"logTime": "1002/144227", "level": "INFO", "message": "Preference changed: name=browser.hub_app_non_synced_preferences, new_value=[object], source=unknown"}
{"logTime": "1002/144227", "level": "INFO", "message": "Preference changed: name=browser.hub_app_non_synced_preferences, new_value=[object], source=unknown"}
{"logTime": "1002/144227", "level": "INFO", "message": "Preference changed: name=browser.hub_app_non_synced_preferences, new_value=[object], source=unknown"}
{"logTime": "1002/144227", "level": "INFO", "message": "Preference changed: name=browser.hub_app_non_synced_preferences, new_value=[object], source=unknown"}
{"logTime": "1002/144227", "level": "INFO", "message": "Preference changed: name=browser.hub_app_non_synced_preferences, new_value=[object], source=unknown"}
{"logTime": "1002/144227", "level": "INFO", "message": "Preference changed: name=browser.hub_app_non_synced_preferences, new_value=[object], source=unknown"}
{"logTime": "1002/144227", "level": "INFO", "message": "Preference changed: name=browser.hub_app_non_synced_preferences, new_value=[object], source=unknown"}
{"logTime": "1002/144227", "level": "INFO", "message": "Preference changed: name=browser.hub_cleanup_candidate_list_for_debug, new_value=[object], source=unknown"}
{"logTime": "1002/144227", "level": "INFO", "message": "Preference changed: name=smart_explore.on_image_hover, new_value=false, source=unknown"}
{"logTime": "1002/144227", "level": "INFO", "message": "Preference changed: name=profile.network_pbs, new_value=[object], source=sync"}
{"logTime": "1002/144227", "level": "INFO", "message": "Preference changed: name=profile.network_pbs, new_value=[object], source=sync"}
{"logTime": "1002/144227", "level": "INFO", "message": "Preference changed: name=sync.local_device_guids_with_timestamp, new_value=[object], source=unknown"}
{"logTime": "1002/144227", "level": "INFO", "message": "Preference changed: name=profile.content_settings.exceptions.site_engagement, new_value=[object], source=unknown"}
{"logTime": "1002/144227", "level": "INFO", "message": "Preference changed: name=profile.last_engagement_time, new_value=\"13435425747819684\", source=unknown"}
{"logTime": "1002/144227", "level": "INFO", "message": "Preference changed: name=language_model_counters, new_value=[object], source=unknown"}
{"logTime": "1002/144228", "level": "INFO", "message": "Preference changed: name=muid.values_seen, new_value=[object], source=unknown"}
{"logTime": "1002/144228", "level": "INFO", "message": "Preference changed: name=edge_rewards.hva_promotions, new_value=[object], source=unknown"}
{"logTime": "1002/144228", "level": "INFO", "message": "Preference changed: name=edge_rewards.hva_promotions, new_value=[object], source=unknown"}
{"logTime": "1002/144228", "level": "INFO", "message": "Preference changed: name=edge_rewards.cache_data, new_value=\"CAEQ0QFKAmlu\", source=unknown"}
{"logTime": "1002/144228", "level": "INFO", "message": "Preference changed: name=sync.transport_data_per_account, new_value=[object], source=unknown"}
{"logTime": "1002/144228", "level": "INFO", "message": "Preference changed: name=sync.transport_data_per_account, new_value=[object], source=unknown"}
{"logTime": "1002/144228", "level": "INFO", "message": "Preference changed: name=sync.local_device_guids_with_timestamp, new_value=[object], source=unknown"}
{"logTime": "1002/144228", "level": "INFO", "message": "Preference changed: name=sync.local_device_guids_with_timestamp, new_value=[object], source=unknown"}
{"logTime": "1002/144228", "level": "INFO", "message": "Preference changed: name=sync.transport_data_per_account, new_value=[object], source=unknown"}
{"logTime": "1002/144228", "level": "INFO", "message": "Preference changed: name=sync.transport_data_per_account, new_value=[object], source=unknown"}
{"logTime": "1002/144228", "level": "INFO", "message": "Preference changed: name=sync.transport_data_per_account, new_value=[object], source=unknown"}
{"logTime": "1002/144230", "level": "INFO", "message": "Preference changed: name=browser.edge_sidebar_visibility_debug, new_value=[object], source=unknown"}
{"logTime": "1002/144230", "level": "INFO", "message": "Preference changed: name=edge_pinning_campaign.precomputed_campaign_data, new_value=[object], source=unknown"}
{"logTime": "1002/144230", "level": "INFO", "message": "Preference changed: name=web_apps.did_migrate_default_chrome_apps, new_value=[object], source=unknown"}
{"logTime": "1002/144230", "level": "INFO", "message": "Preference changed: name=web_apps.did_migrate_default_chrome_apps, new_value=[object], source=unknown"}
{"logTime": "1002/144231", "level": "INFO", "message": "Preference changed: name=extensions.settings, new_value=[object], source=unknown"}
{"logTime": "1002/144231", "level": "INFO", "message": "Preference changed: name=extensions.settings, new_value=[object], source=unknown"}
{"logTime": "1002/144231", "level": "INFO", "message": "Preference changed: name=extensions.settings, new_value=[object], source=unknown"}
{"logTime": "1002/144231", "level": "INFO", "message": "Preference changed: name=extensions.settings, new_value=[object], source=unknown"}
{"logTime": "1002/144231", "level": "INFO", "message": "Preference changed: name=extensions.settings, new_value=[object], source=unknown"}
{"logTime": "1002/144231", "level": "INFO", "message": "Preference changed: name=extensions.settings, new_value=[object], source=unknown"}
{"logTime": "1002/144231", "level": "INFO", "message": "Preference changed: name=extensions.settings, new_value=[object], source=unknown"}
{"logTime": "1002/144231", "level": "INFO", "message": "Preference changed: name=extensions.settings, new_value=[object], source=unknown"}
{"logTime": "1002/144231", "level": "INFO", "message": "Preference changed: name=extensions.settings, new_value=[object], source=unknown"}
{"logTime": "1002/144231", "level": "INFO", "message": "Preference changed: name=extensions.settings, new_value=[object], source=unknown"}
{"logTime": "1002/144231", "level": "INFO", "message": "Preference changed: name=extensions.settings, new_value=[object], source=unknown"}
{"logTime": "1002/144231", "level": "INFO", "message": "Preference changed: name=extensions.settings, new_value=[object], source=unknown"}
{"logTime": "1002/144231", "level": "INFO", "message": "Preference changed: name=pinned_sites.pin_metadata, new_value=[object], source=unknown"}
{"logTime": "1002/144232", "level": "INFO", "message": "Preference changed: name=browser.hub_cleanup_candidate_list_for_debug, new_value=[object], source=unknown"}
{"logTime": "1002/144237", "level": "INFO", "message": "Preference changed: name=browser.edge_sidebar_visibility, new_value=[object], source=unknown"}
{"logTime": "1002/144237", "level": "INFO", "message": "Preference changed: name=browser.edge_sidebar_visibility, new_value=[object], source=unknown"}
{"logTime": "1002/144237", "level": "INFO", "message": "PrefStore write completed: store=4, success=true"}
{"logTime": "1002/144237", "level": "INFO", "message": "PrefStore write completed: store=4, success=true"}
{"logTime": "1002/144238", "level": "INFO", "message": "Preference changed: name=profile.content_settings.exceptions.site_engagement, new_value=[object], source=unknown"}
{"logTime": "1002/144238", "level": "INFO", "message": "Preference changed: name=profile.last_engagement_time, new_value=\"13435425758094519\", source=unknown"}
{"logTime": "1002/144242", "level": "INFO", "message": "Preference changed: name=toolbar_declutter.undo.last_time, new_value=\"13435425762597714\", source=unknown"}
{"logTime": "1002/144242", "level": "INFO", "message": "Preference changed: name=toolbar_declutter.new_user_cleanup_triggered, new_value=true, source=unknown"}
{"logTime": "1002/144625", "level": "INFO", "message": "UserPrefStore loaded: error=NONE (0)"}
{"logTime": "1002/144625", "level": "INFO", "message": "Preference changed: name=optimization_guide.previously_registered_optimization_types, new_value=[object], source=unknown"}
{"logTime": "1002/144625", "level": "INFO", "message": "Preference changed: name=extensions.chrome_url_overrides, new_value=[object], source=unknown"}
{"logTime": "1002/144625", "level": "INFO", "message": "Preference changed: name=sessions.event_log, new_value=[object], source=unknown"}
{"logTime": "1002/144625", "level": "INFO", "message": "Preference changed: name=optimization_guide.previously_registered_optimization_types, new_value=[object], source=unknown"}
{"logTime": "1002/144625", "level": "INFO", "message": "Preference changed: name=optimization_guide.previously_registered_optimization_types, new_value=[object], source=unknown"}
{"logTime": "1002/144625", "level": "INFO", "message": "Preference changed: name=optimization_guide.previously_registered_optimization_types, new_value=[object], source=unknown"}
{"logTime": "1002/144625", "level": "INFO", "message": "Preference changed: name=browser.edge_sidebar_visibility, new_value=[object], source=unknown"}
{"logTime": "1002/144625", "level": "INFO", "message": "Preference changed: name=browser.edge_sidebar_visibility, new_value=[object], source=unknown"}
{"logTime": "1002/144625", "level": "INFO", "message": "Preference changed: name=optimization_guide.previously_registered_optimization_types, new_value=[object], source=unknown"}
{"logTime": "1002/144625", "level": "INFO", "message": "Preference changed: name=optimization_guide.previously_registered_optimization_types, new_value=[object], source=unknown"}
{"logTime": "1002/144625", "level": "INFO", "message": "Preference changed: name=edge_pinning_campaign.precomputed_campaign_data, new_value=[object], source=unknown"}
{"logTime": "1002/144625", "level": "INFO", "message": "Preference changed: name=profile.network_pbs, new_value=[object], source=unknown"}
{"logTime": "1002/144625", "level": "INFO", "message": "Preference changed: name=profile.password_hash_data_list, new_value=[object], source=unknown"}
{"logTime": "1002/144625", "level": "INFO", "message": "Preference changed: name=profile.edge_crash_exit_count, new_value=6, source=unknown"}
{"logTime": "1002/144625", "level": "INFO", "message": "Preference changed: name=optimization_guide.previously_registered_optimization_types, new_value=[object], source=unknown"}
{"logTime": "1002/144625", "level": "INFO", "message": "Preference changed: name=in_product_help.session_last_active_time, new_value=\"13435425985622905\", source=unknown"}
{"logTime": "1002/144625", "level": "INFO", "message": "Preference changed: name=edge_rewards.hva_promotions, new_value=[object], source=unknown"}
{"logTime": "1002/144625", "level": "INFO", "message": "Preference changed: name=optimization_guide.previously_registered_optimization_types, new_value=[object], source=unknown"}
{"logTime": "1002/144625", "level": "INFO", "message": "Preference changed: name=profile.content_settings.exceptions.storage_access_header_origin_trial, new_value=[object], source=unknown"}
{"logTime": "1002/144625", "level": "INFO", "message": "Preference changed: name=edge_rewards.cache_data, new_value=\"CAA=\", source=unknown"}
{"logTime": "1002/144625", "level": "INFO", "message": "Preference changed: name=schedule_to_flush_to_disk, new_value=\"13435425985685770\", source=unknown"}
{"logTime": "1002/144625", "level": "INFO", "message": "Preference changed: name=schedule_to_flush_to_disk, new_value=\"13435425985687890\", source=unknown"}
{"logTime": "1002/144625", "level": "INFO", "message": "Preference changed: name=account_info, new_value=[object], source=unknown"}
{"logTime": "1002/144625", "level": "INFO", "message": "Preference changed: name=safebrowsing.advanced_protection_last_refresh, new_value=\"13435425985688819\", source=unknown"}
{"logTime": "1002/144625", "level": "INFO", "message": "Preference changed: name=optimization_guide.previously_registered_optimization_types, new_value=[object], source=unknown"}
{"logTime": "1002/144625", "level": "INFO", "message": "Preference changed: name=extensions.chrome_url_overrides, new_value=[object], source=unknown"}
{"logTime": "1002/144625", "level": "INFO", "message": "PrefStore write completed: store=4, success=true"}
{"logTime": "1002/144625", "level": "INFO", "message": "PrefStore write completed: store=4, success=true"}
{"logTime": "1002/144625", "level": "INFO", "message": "Preference changed: name=profile.edge_user_with_non_zero_passwords, new_value=false, source=unknown"}
{"logTime": "1002/144625", "level": "INFO", "message": "Preference changed: name=profile.edge_user_with_non_zero_passwords, new_value=true, source=unknown"}
{"logTime": "1002/144625", "level": "INFO", "message": "Preference changed: name=browser.edge_sidebar_visibility_debug, new_value=[object], source=unknown"}
{"logTime": "1002/144625", "level": "INFO", "message": "Preference changed: name=extensions.settings, new_value=[object], source=unknown"}
{"logTime": "1002/144625", "level": "INFO", "message": "Preference changed: name=extensions.settings, new_value=[object], source=unknown"}
{"logTime": "1002/144625", "level": "INFO", "message": "Preference changed: name=extensions.settings, new_value=[object], source=unknown"}
{"logTime": "1002/144625", "level": "INFO", "message": "Preference changed: name=extensions.settings, new_value=[object], source=unknown"}
{"logTime": "1002/144625", "level": "INFO", "message": "Preference changed: name=extensions.settings, new_value=[object], source=unknown"}
{"logTime": "1002/144625", "level": "INFO", "message": "Preference changed: name=extensions.settings, new_value=[object], source=unknown"}
{"logTime": "1002/144625", "level": "INFO", "message": "Preference changed: name=extensions.settings, new_value=[object], source=unknown"}
{"logTime": "1002/144625", "level": "INFO", "message": "Preference changed: name=extensions.settings, new_value=[object], source=unknown"}
{"logTime": "1002/144625", "level": "INFO", "message": "Preference changed: name=extensions.settings, new_value=[object], source=unknown"}
{"logTime": "1002/144625", "level": "INFO", "message": "Preference changed: name=extensions.settings, new_value=[object], source=unknown"}
{"logTime": "1002/144625", "level": "INFO", "message": "Preference changed: name=extensions.settings, new_value=[object], source=unknown"}
{"logTime": "1002/144625", "level": "INFO", "message": "Preference changed: name=extensions.settings, new_value=[object], source=unknown"}
{"logTime": "1002/144625", "level": "INFO", "message": "Preference changed: name=browser.hub_app_non_synced_preferences, new_value=[object], source=unknown"}
{"logTime": "1002/144625", "level": "INFO", "message": "Preference changed: name=browser.hub_app_non_synced_preferences, new_value=[object], source=unknown"}
{"logTime": "1002/144625", "level": "INFO", "message": "Preference changed: name=browser.hub_app_non_synced_preferences, new_value=[object], source=unknown"}
{"logTime": "1002/144625", "level": "INFO", "message": "Preference changed: name=browser.hub_app_non_synced_preferences, new_value=[object], source=unknown"}
{"logTime": "1002/144625", "level": "INFO", "message": "Preference changed: name=browser.hub_app_non_synced_preferences, new_value=[object], source=unknown"}
{"logTime": "1002/144625", "level": "INFO", "message": "Preference changed: name=browser.hub_app_non_synced_preferences, new_value=[object], source=unknown"}
{"logTime": "1002/144625", "level": "INFO", "message": "Preference changed: name=browser.hub_app_non_synced_preferences, new_value=[object], source=unknown"}
{"logTime": "1002/144625", "level": "INFO", "message": "Preference changed: name=browser.hub_app_non_synced_preferences, new_value=[object], source=unknown"}
{"logTime": "1002/144625", "level": "INFO", "message": "Preference changed: name=browser.hub_app_non_synced_preferences, new_value=[object], source=unknown"}
{"logTime": "1002/144625", "level": "INFO", "message": "Preference changed: name=browser.hub_app_non_synced_preferences, new_value=[object], source=unknown"}
{"logTime": "1002/144625", "level": "INFO", "message": "Preference changed: name=browser.hub_app_non_synced_preferences, new_value=[object], source=unknown"}
{"logTime": "1002/144625", "level": "INFO", "message": "Preference changed: name=browser.hub_app_non_synced_preferences, new_value=[object], source=unknown"}
{"logTime": "1002/144625", "level": "INFO", "message": "Preference changed: name=browser.hub_app_non_synced_preferences, new_value=[object], source=unknown"}
{"logTime": "1002/144625", "level": "INFO", "message": "Preference changed: name=browser.hub_app_non_synced_preferences, new_value=[object], source=unknown"}
{"logTime": "1002/144625", "level": "INFO", "message": "Preference changed: name=browser.hub_app_non_synced_preferences, new_value=[object], source=unknown"}
{"logTime": "1002/144625", "level": "INFO", "message": "Preference changed: name=browser.hub_app_non_synced_preferences, new_value=[object], source=unknown"}
{"logTime": "1002/144625", "level": "INFO", "message": "Preference changed: name=browser.hub_app_non_synced_preferences, new_value=[object], source=unknown"}
{"logTime": "1002/144625", "level": "INFO", "message": "Preference changed: name=browser.hub_app_non_synced_preferences, new_value=[object], source=unknown"}
{"logTime": "1002/144625", "level": "INFO", "message": "Preference changed: name=browser.hub_app_non_synced_preferences, new_value=[object], source=unknown"}
{"logTime": "1002/144625", "level": "INFO", "message": "Preference changed: name=browser.hub_app_non_synced_preferences, new_value=[object], source=unknown"}
{"logTime": "1002/144625", "level": "INFO", "message": "Preference changed: name=browser.hub_app_non_synced_preferences, new_value=[object], source=unknown"}
{"logTime": "1002/144625", "level": "INFO", "message": "Preference changed: name=browser.hub_app_non_synced_preferences, new_value=[object], source=unknown"}
{"logTime": "1002/144625", "level": "INFO", "message": "Preference changed: name=browser.hub_app_non_synced_preferences, new_value=[object], source=unknown"}
{"logTime": "1002/144625", "level": "INFO", "message": "Preference changed: name=browser.hub_app_non_synced_preferences, new_value=[object], source=unknown"}
{"logTime": "1002/144625", "level": "INFO", "message": "Preference changed: name=browser.hub_app_non_synced_preferences, new_value=[object], source=unknown"}
{"logTime": "1002/144625", "level": "INFO", "message": "Preference changed: name=browser.hub_app_non_synced_preferences, new_value=[object], source=unknown"}
{"logTime": "1002/144625", "level": "INFO", "message": "Preference changed: name=browser.hub_cleanup_candidate_list_for_debug, new_value=[object], source=unknown"}
{"logTime": "1002/144625", "level": "INFO", "message": "Preference changed: name=profile.network_pbs, new_value=[object], source=sync"}
{"logTime": "1002/144625", "level": "INFO", "message": "Preference changed: name=profile.network_pbs, new_value=[object], source=sync"}
{"logTime": "1002/144625", "level": "INFO", "message": "Preference changed: name=smart_explore.on_image_hover, new_value=false, source=unknown"}
{"logTime": "1002/144625", "level": "INFO", "message": "Preference changed: name=sync.local_device_guids_with_timestamp, new_value=[object], source=unknown"}
{"logTime": "1002/144625", "level": "INFO", "message": "Preference changed: name=profile.content_settings.exceptions.site_engagement, new_value=[object], source=unknown"}
{"logTime": "1002/144625", "level": "INFO", "message": "Preference changed: name=profile.last_engagement_time, new_value=\"13435425985905059\", source=unknown"}
{"logTime": "1002/144626", "level": "INFO", "message": "Preference changed: name=sync.transport_data_per_account, new_value=[object], source=unknown"}
{"logTime": "1002/144626", "level": "INFO", "message": "Preference changed: name=sync.transport_data_per_account, new_value=[object], source=unknown"}
{"logTime": "1002/144626", "level": "INFO", "message": "Preference changed: name=sync.local_device_guids_with_timestamp, new_value=[object], source=unknown"}
{"logTime": "1002/144626", "level": "INFO", "message": "Preference changed: name=sync.local_device_guids_with_timestamp, new_value=[object], source=unknown"}
{"logTime": "1002/144626", "level": "INFO", "message": "Preference changed: name=edge_rewards.hva_promotions, new_value=[object], source=unknown"}
{"logTime": "1002/144626", "level": "INFO", "message": "Preference changed: name=edge_rewards.hva_promotions, new_value=[object], source=unknown"}
{"logTime": "1002/144626", "level": "INFO", "message": "Preference changed: name=edge_rewards.cache_data, new_value=\"CAEQ0QFKAmlu\", source=unknown"}
{"logTime": "1002/144626", "level": "INFO", "message": "Preference changed: name=muid.values_seen, new_value=[object], source=unknown"}
{"logTime": "1002/144627", "level": "INFO", "message": "Preference changed: name=sync.transport_data_per_account, new_value=[object], source=unknown"}
{"logTime": "1002/144627", "level": "INFO", "message": "Preference changed: name=sync.transport_data_per_account, new_value=[object], source=unknown"}
{"logTime": "1002/144627", "level": "INFO", "message": "Preference changed: name=sync.transport_data_per_account, new_value=[object], source=unknown"}
{"logTime": "1002/144627", "level": "INFO", "message": "Preference changed: name=browser.edge_sidebar_visibility_debug, new_value=[object], source=unknown"}
{"logTime": "1002/144627", "level": "INFO", "message": "Preference changed: name=edge_pinning_campaign.precomputed_campaign_data, new_value=[object], source=unknown"}
{"logTime": "1002/144627", "level": "INFO", "message": "Preference changed: name=web_apps.did_migrate_default_chrome_apps, new_value=[object], source=unknown"}
{"logTime": "1002/144627", "level": "INFO", "message": "Preference changed: name=web_apps.did_migrate_default_chrome_apps, new_value=[object], source=unknown"}
{"logTime": "1002/144628", "level": "INFO", "message": "Preference changed: name=extensions.settings, new_value=[object], source=unknown"}
{"logTime": "1002/144628", "level": "INFO", "message": "Preference changed: name=extensions.settings, new_value=[object], source=unknown"}
{"logTime": "1002/144628", "level": "INFO", "message": "Preference changed: name=extensions.settings, new_value=[object], source=unknown"}
{"logTime": "1002/144628", "level": "INFO", "message": "Preference changed: name=extensions.settings, new_value=[object], source=unknown"}
{"logTime": "1002/144628", "level": "INFO", "message": "Preference changed: name=extensions.settings, new_value=[object], source=unknown"}
{"logTime": "1002/144628", "level": "INFO", "message": "Preference changed: name=extensions.settings, new_value=[object], source=unknown"}
{"logTime": "1002/144628", "level": "INFO", "message": "Preference changed: name=extensions.settings, new_value=[object], source=unknown"}
{"logTime": "1002/144628", "level": "INFO", "message": "Preference changed: name=extensions.settings, new_value=[object], source=unknown"}
{"logTime": "1002/144628", "level": "INFO", "message": "Preference changed: name=extensions.settings, new_value=[object], source=unknown"}
{"logTime": "1002/144628", "level": "INFO", "message": "Preference changed: name=extensions.settings, new_value=[object], source=unknown"}
{"logTime": "1002/144628", "level": "INFO", "message": "Preference changed: name=extensions.settings, new_value=[object], source=unknown"}
{"logTime": "1002/144628", "level": "INFO", "message": "Preference changed: name=extensions.settings, new_value=[object], source=unknown"}
{"logTime": "1002/144628", "level": "INFO", "message": "Preference changed: name=pinned_sites.pin_metadata, new_value=[object], source=unknown"}
{"logTime": "1002/144630", "level": "INFO", "message": "Preference changed: name=browser.hub_cleanup_candidate_list_for_debug, new_value=[object], source=unknown"}
{"logTime": "1002/144635", "level": "INFO", "message": "Preference changed: name=browser.edge_sidebar_visibility, new_value=[object], source=unknown"}
{"logTime": "1002/144635", "level": "INFO", "message": "Preference changed: name=browser.edge_sidebar_visibility, new_value=[object], source=unknown"}
{"logTime": "1002/144635", "level": "INFO", "message": "PrefStore write completed: store=4, success=true"}
{"logTime": "1002/144635", "level": "INFO", "message": "PrefStore write completed: store=4, success=true"}
{"logTime": "1002/144640", "level": "INFO", "message": "Preference changed: name=toolbar_declutter.undo.last_time, new_value=\"13435426000625817\", source=unknown"}
{"logTime": "1002/144640", "level": "INFO", "message": "Preference changed: name=toolbar_declutter.new_user_cleanup_triggered, new_value=true, source=unknown"}
{"logTime": "1002/144640", "level": "INFO", "message": "Preference changed: name=in_product_help.session_last_active_time, new_value=\"13435425988625886\", source=unknown"}
{"logTime": "1002/145027", "level": "INFO", "message": "UserPrefStore loaded: error=NONE (0)"}
{"logTime": "1002/145027", "level": "INFO", "message": "Preference changed: name=optimization_guide.previously_registered_optimization_types, new_value=[object], source=unknown"}
{"logTime": "1002/145027", "level": "INFO", "message": "Preference changed: name=extensions.chrome_url_overrides, new_value=[object], source=unknown"}
{"logTime": "1002/145027", "level": "INFO", "message": "Preference changed: name=sessions.event_log, new_value=[object], source=unknown"}
{"logTime": "1002/145027", "level": "INFO", "message": "Preference changed: name=optimization_guide.previously_registered_optimization_types, new_value=[object], source=unknown"}
{"logTime": "1002/145027", "level": "INFO", "message": "Preference changed: name=optimization_guide.previously_registered_optimization_types, new_value=[object], source=unknown"}
{"logTime": "1002/145027", "level": "INFO", "message": "Preference changed: name=optimization_guide.previously_registered_optimization_types, new_value=[object], source=unknown"}
{"logTime": "1002/145027", "level": "INFO", "message": "Preference changed: name=browser.edge_sidebar_visibility, new_value=[object], source=unknown"}
{"logTime": "1002/145027", "level": "INFO", "message": "Preference changed: name=browser.edge_sidebar_visibility, new_value=[object], source=unknown"}
{"logTime": "1002/145027", "level": "INFO", "message": "Preference changed: name=optimization_guide.previously_registered_optimization_types, new_value=[object], source=unknown"}
{"logTime": "1002/145027", "level": "INFO", "message": "Preference changed: name=optimization_guide.previously_registered_optimization_types, new_value=[object], source=unknown"}
{"logTime": "1002/145027", "level": "INFO", "message": "Preference changed: name=edge_pinning_campaign.precomputed_campaign_data, new_value=[object], source=unknown"}
{"logTime": "1002/145027", "level": "INFO", "message": "Preference changed: name=profile.network_pbs, new_value=[object], source=unknown"}
{"logTime": "1002/145027", "level": "INFO", "message": "Preference changed: name=profile.password_hash_data_list, new_value=[object], source=unknown"}
{"logTime": "1002/145027", "level": "INFO", "message": "Preference changed: name=profile.edge_crash_exit_count, new_value=7, source=unknown"}
{"logTime": "1002/145027", "level": "INFO", "message": "Preference changed: name=optimization_guide.previously_registered_optimization_types, new_value=[object], source=unknown"}
{"logTime": "1002/145027", "level": "INFO", "message": "Preference changed: name=in_product_help.session_last_active_time, new_value=\"13435426227148067\", source=unknown"}
{"logTime": "1002/145027", "level": "INFO", "message": "Preference changed: name=edge_rewards.hva_promotions, new_value=[object], source=unknown"}
{"logTime": "1002/145027", "level": "INFO", "message": "Preference changed: name=optimization_guide.previously_registered_optimization_types, new_value=[object], source=unknown"}
{"logTime": "1002/145027", "level": "INFO", "message": "Preference changed: name=profile.content_settings.exceptions.storage_access_header_origin_trial, new_value=[object], source=unknown"}
{"logTime": "1002/145027", "level": "INFO", "message": "Preference changed: name=edge_rewards.cache_data, new_value=\"CAA=\", source=unknown"}
{"logTime": "1002/145027", "level": "INFO", "message": "Preference changed: name=schedule_to_flush_to_disk, new_value=\"13435426227202965\", source=unknown"}
{"logTime": "1002/145027", "level": "INFO", "message": "Preference changed: name=schedule_to_flush_to_disk, new_value=\"13435426227204894\", source=unknown"}
{"logTime": "1002/145027", "level": "INFO", "message": "Preference changed: name=account_info, new_value=[object], source=unknown"}
{"logTime": "1002/145027", "level": "INFO", "message": "Preference changed: name=safebrowsing.advanced_protection_last_refresh, new_value=\"13435426227205561\", source=unknown"}
{"logTime": "1002/145027", "level": "INFO", "message": "Preference changed: name=optimization_guide.previously_registered_optimization_types, new_value=[object], source=unknown"}
{"logTime": "1002/145027", "level": "INFO", "message": "Preference changed: name=extensions.chrome_url_overrides, new_value=[object], source=unknown"}
{"logTime": "1002/145027", "level": "INFO", "message": "PrefStore write completed: store=4, success=true"}
{"logTime": "1002/145027", "level": "INFO", "message": "PrefStore write completed: store=4, success=true"}
{"logTime": "1002/145027", "level": "INFO", "message": "Preference changed: name=profile.edge_user_with_non_zero_passwords, new_value=false, source=unknown"}
{"logTime": "1002/145027", "level": "INFO", "message": "Preference changed: name=profile.edge_user_with_non_zero_passwords, new_value=true, source=unknown"}
{"logTime": "1002/145027", "level": "INFO", "message": "Preference changed: name=browser.edge_sidebar_visibility_debug, new_value=[object], source=unknown"}
{"logTime": "1002/145027", "level": "INFO", "message": "Preference changed: name=extensions.settings, new_value=[object], source=unknown"}
{"logTime": "1002/145027", "level": "INFO", "message": "Preference changed: name=extensions.settings, new_value=[object], source=unknown"}
{"logTime": "1002/145027", "level": "INFO", "message": "Preference changed: name=extensions.settings, new_value=[object], source=unknown"}
{"logTime": "1002/145027", "level": "INFO", "message": "Preference changed: name=extensions.settings, new_value=[object], source=unknown"}
{"logTime": "1002/145027", "level": "INFO", "message": "Preference changed: name=extensions.settings, new_value=[object], source=unknown"}
{"logTime": "1002/145027", "level": "INFO", "message": "Preference changed: name=extensions.settings, new_value=[object], source=unknown"}
{"logTime": "1002/145027", "level": "INFO", "message": "Preference changed: name=extensions.settings, new_value=[object], source=unknown"}
{"logTime": "1002/145027", "level": "INFO", "message": "Preference changed: name=extensions.settings, new_value=[object], source=unknown"}
{"logTime": "1002/145027", "level": "INFO", "message": "Preference changed: name=extensions.settings, new_value=[object], source=unknown"}
{"logTime": "1002/145027", "level": "INFO", "message": "Preference changed: name=extensions.settings, new_value=[object], source=unknown"}
{"logTime": "1002/145027", "level": "INFO", "message": "Preference changed: name=extensions.settings, new_value=[object], source=unknown"}
{"logTime": "1002/145027", "level": "INFO", "message": "Preference changed: name=extensions.settings, new_value=[object], source=unknown"}
{"logTime": "1002/145027", "level": "INFO", "message": "Preference changed: name=browser.hub_app_non_synced_preferences, new_value=[object], source=unknown"}
{"logTime": "1002/145027", "level": "INFO", "message": "Preference changed: name=browser.hub_app_non_synced_preferences, new_value=[object], source=unknown"}
{"logTime": "1002/145027", "level": "INFO", "message": "Preference changed: name=browser.hub_app_non_synced_preferences, new_value=[object], source=unknown"}
{"logTime": "1002/145027", "level": "INFO", "message": "Preference changed: name=browser.hub_app_non_synced_preferences, new_value=[object], source=unknown"}
{"logTime": "1002/145027", "level": "INFO", "message": "Preference changed: name=browser.hub_app_non_synced_preferences, new_value=[object], source=unknown"}
{"logTime": "1002/145027", "level": "INFO", "message": "Preference changed: name=browser.hub_app_non_synced_preferences, new_value=[object], source=unknown"}
{"logTime": "1002/145027", "level": "INFO", "message": "Preference changed: name=browser.hub_app_non_synced_preferences, new_value=[object], source=unknown"}
{"logTime": "1002/145027", "level": "INFO", "message": "Preference changed: name=browser.hub_app_non_synced_preferences, new_value=[object], source=unknown"}
{"logTime": "1002/145027", "level": "INFO", "message": "Preference changed: name=browser.hub_app_non_synced_preferences, new_value=[object], source=unknown"}
{"logTime": "1002/145027", "level": "INFO", "message": "Preference changed: name=browser.hub_app_non_synced_preferences, new_value=[object], source=unknown"}
{"logTime": "1002/145027", "level": "INFO", "message": "Preference changed: name=browser.hub_app_non_synced_preferences, new_value=[object], source=unknown"}
{"logTime": "1002/145027", "level": "INFO", "message": "Preference changed: name=browser.hub_app_non_synced_preferences, new_value=[object], source=unknown"}
{"logTime": "1002/145027", "level": "INFO", "message": "Preference changed: name=browser.hub_app_non_synced_preferences, new_value=[object], source=unknown"}
{"logTime": "1002/145027", "level": "INFO", "message": "Preference changed: name=browser.hub_app_non_synced_preferences, new_value=[object], source=unknown"}
{"logTime": "1002/145027", "level": "INFO", "message": "Preference changed: name=browser.hub_app_non_synced_preferences, new_value=[object], source=unknown"}
{"logTime": "1002/145027", "level": "INFO", "message": "Preference changed: name=browser.hub_app_non_synced_preferences, new_value=[object], source=unknown"}
{"logTime": "1002/145027", "level": "INFO", "message": "Preference changed: name=browser.hub_app_non_synced_preferences, new_value=[object], source=unknown"}
{"logTime": "1002/145027", "level": "INFO", "message": "Preference changed: name=browser.hub_app_non_synced_preferences, new_value=[object], source=unknown"}
{"logTime": "1002/145027", "level": "INFO", "message": "Preference changed: name=browser.hub_app_non_synced_preferences, new_value=[object], source=unknown"}
{"logTime": "1002/145027", "level": "INFO", "message": "Preference changed: name=browser.hub_app_non_synced_preferences, new_value=[object], source=unknown"}
{"logTime": "1002/145027", "level": "INFO", "message": "Preference changed: name=browser.hub_app_non_synced_preferences, new_value=[object], source=unknown"}
{"logTime": "1002/145027", "level": "INFO", "message": "Preference changed: name=browser.hub_app_non_synced_preferences, new_value=[object], source=unknown"}
{"logTime": "1002/145027", "level": "INFO", "message": "Preference changed: name=browser.hub_app_non_synced_preferences, new_value=[object], source=unknown"}
{"logTime": "1002/145027", "level": "INFO", "message": "Preference changed: name=browser.hub_app_non_synced_preferences, new_value=[object], source=unknown"}
{"logTime": "1002/145027", "level": "INFO", "message": "Preference changed: name=browser.hub_app_non_synced_preferences, new_value=[object], source=unknown"}
{"logTime": "1002/145027", "level": "INFO", "message": "Preference changed: name=browser.hub_app_non_synced_preferences, new_value=[object], source=unknown"}
{"logTime": "1002/145027", "level": "INFO", "message": "Preference changed: name=browser.hub_cleanup_candidate_list_for_debug, new_value=[object], source=unknown"}
{"logTime": "1002/145027", "level": "INFO", "message": "Preference changed: name=profile.network_pbs, new_value=[object], source=sync"}
{"logTime": "1002/145027", "level": "INFO", "message": "Preference changed: name=profile.network_pbs, new_value=[object], source=sync"}
{"logTime": "1002/145027", "level": "INFO", "message": "Preference changed: name=smart_explore.on_image_hover, new_value=false, source=unknown"}
{"logTime": "1002/145027", "level": "INFO", "message": "Preference changed: name=sync.local_device_guids_with_timestamp, new_value=[object], source=unknown"}
{"logTime": "1002/145027", "level": "INFO", "message": "Preference changed: name=profile.content_settings.exceptions.site_engagement, new_value=[object], source=unknown"}
{"logTime": "1002/145027", "level": "INFO", "message": "Preference changed: name=profile.last_engagement_time, new_value=\"13435426227396565\", source=unknown"}
{"logTime": "1002/145027", "level": "INFO", "message": "Preference changed: name=language_model_counters, new_value=[object], source=unknown"}
{"logTime": "1002/145027", "level": "INFO", "message": "Preference changed: name=muid.values_seen, new_value=[object], source=unknown"}
{"logTime": "1002/145027", "level": "INFO", "message": "Preference changed: name=edge_rewards.hva_promotions, new_value=[object], source=unknown"}
{"logTime": "1002/145027", "level": "INFO", "message": "Preference changed: name=edge_rewards.hva_promotions, new_value=[object], source=unknown"}
{"logTime": "1002/145027", "level": "INFO", "message": "Preference changed: name=edge_rewards.cache_data, new_value=\"CAEQ0QFKAmlu\", source=unknown"}
{"logTime": "1002/145027", "level": "INFO", "message": "Preference changed: name=sync.transport_data_per_account, new_value=[object], source=unknown"}
{"logTime": "1002/145027", "level": "INFO", "message": "Preference changed: name=sync.transport_data_per_account, new_value=[object], source=unknown"}
{"logTime": "1002/145027", "level": "INFO", "message": "Preference changed: name=sync.local_device_guids_with_timestamp, new_value=[object], source=unknown"}
{"logTime": "1002/145027", "level": "INFO", "message": "Preference changed: name=sync.local_device_guids_with_timestamp, new_value=[object], source=unknown"}
{"logTime": "1002/145029", "level": "INFO", "message": "Preference changed: name=sync.transport_data_per_account, new_value=[object], source=unknown"}
{"logTime": "1002/145029", "level": "INFO", "message": "Preference changed: name=sync.transport_data_per_account, new_value=[object], source=unknown"}
{"logTime": "1002/145029", "level": "INFO", "message": "Preference changed: name=sync.transport_data_per_account, new_value=[object], source=unknown"}
{"logTime": "1002/145030", "level": "INFO", "message": "Preference changed: name=browser.edge_sidebar_visibility_debug, new_value=[object], source=unknown"}
{"logTime": "1002/145030", "level": "INFO", "message": "Preference changed: name=edge_pinning_campaign.precomputed_campaign_data, new_value=[object], source=unknown"}
{"logTime": "1002/145030", "level": "INFO", "message": "Preference changed: name=web_apps.did_migrate_default_chrome_apps, new_value=[object], source=unknown"}
{"logTime": "1002/145030", "level": "INFO", "message": "Preference changed: name=web_apps.did_migrate_default_chrome_apps, new_value=[object], source=unknown"}
{"logTime": "1002/145030", "level": "INFO", "message": "Preference changed: name=extensions.settings, new_value=[object], source=unknown"}
{"logTime": "1002/145030", "level": "INFO", "message": "Preference changed: name=extensions.settings, new_value=[object], source=unknown"}
{"logTime": "1002/145030", "level": "INFO", "message": "Preference changed: name=extensions.settings, new_value=[object], source=unknown"}
{"logTime": "1002/145030", "level": "INFO", "message": "Preference changed: name=extensions.settings, new_value=[object], source=unknown"}
{"logTime": "1002/145030", "level": "INFO", "message": "Preference changed: name=extensions.settings, new_value=[object], source=unknown"}
{"logTime": "1002/145030", "level": "INFO", "message": "Preference changed: name=extensions.settings, new_value=[object], source=unknown"}
{"logTime": "1002/145030", "level": "INFO", "message": "Preference changed: name=extensions.settings, new_value=[object], source=unknown"}
{"logTime": "1002/145030", "level": "INFO", "message": "Preference changed: name=extensions.settings, new_value=[object], source=unknown"}
{"logTime": "1002/145030", "level": "INFO", "message": "Preference changed: name=extensions.settings, new_value=[object], source=unknown"}
{"logTime": "1002/145030", "level": "INFO", "message": "Preference changed: name=extensions.settings, new_value=[object], source=unknown"}
{"logTime": "1002/145030", "level": "INFO", "message": "Preference changed: name=extensions.settings, new_value=[object], source=unknown"}
{"logTime": "1002/145030", "level": "INFO", "message": "Preference changed: name=extensions.settings, new_value=[object], source=unknown"}
{"logTime": "1002/145030", "level": "INFO", "message": "Preference changed: name=pinned_sites.pin_metadata, new_value=[object], source=unknown"}
{"logTime": "1002/145031", "level": "INFO", "message": "Preference changed: name=smart_explore.auto_cleanup.check_time, new_value=\"13435426231218174\", source=unknown"}
{"logTime": "1002/145031", "level": "INFO", "message": "Preference changed: name=smart_explore.auto_cleanup.noengagement_since, new_value=\"13435426231218262\", source=unknown"}
{"logTime": "1002/145032", "level": "INFO", "message": "Preference changed: name=browser.hub_cleanup_candidate_list_for_debug, new_value=[object], source=unknown"}
{"logTime": "1002/145037", "level": "INFO", "message": "Preference changed: name=browser.edge_sidebar_visibility, new_value=[object], source=unknown"}
{"logTime": "1002/145037", "level": "INFO", "message": "Preference changed: name=browser.edge_sidebar_visibility, new_value=[object], source=unknown"}
{"logTime": "1002/145037", "level": "INFO", "message": "PrefStore write completed: store=4, success=true"}
{"logTime": "1002/145037", "level": "INFO", "message": "PrefStore write completed: store=4, success=true"}
{"logTime": "1002/145037", "level": "INFO", "message": "Preference changed: name=profile.content_settings.exceptions.site_engagement, new_value=[object], source=unknown"}
{"logTime": "1002/145037", "level": "INFO", "message": "Preference changed: name=profile.last_engagement_time, new_value=\"13435426237673234\", source=unknown"}
{"logTime": "1002/145042", "level": "INFO", "message": "Preference changed: name=toolbar_declutter.undo.last_time, new_value=\"13435426242147328\", source=unknown"}
{"logTime": "1002/145042", "level": "INFO", "message": "Preference changed: name=toolbar_declutter.new_user_cleanup_triggered, new_value=true, source=unknown"}
{"logTime": "1004/080159", "level": "INFO", "message": "UserPrefStore loaded: error=NONE (0)"}
{"logTime": "1004/080159", "level": "INFO", "message": "Preference changed: name=extensions.last_chrome_version, new_value=\"154.0.4258.53\", source=unknown"}
{"logTime": "1004/080159", "level": "INFO", "message": "Preference changed: name=gaia_cookie.periodic_report_time_2, new_value=\"13435574519595204\", source=unknown"}
{"logTime": "1004/080159", "level": "INFO", "message": "Preference changed: name=optimization_guide.previously_registered_optimization_types, new_value=[object], source=unknown"}
{"logTime": "1004/080159", "level": "INFO", "message": "Preference changed: name=extensions.chrome_url_overrides, new_value=[object], source=unknown"}
{"logTime": "1004/080159", "level": "INFO", "message": "Preference changed: name=sessions.event_log, new_value=[object], source=unknown"}
{"logTime": "1004/080159", "level": "INFO", "message": "Preference changed: name=optimization_guide.previously_registered_optimization_types, new_value=[object], source=unknown"}
{"logTime": "1004/080159", "level": "INFO", "message": "Preference changed: name=optimization_guide.previously_registered_optimization_types, new_value=[object], source=unknown"}
{"logTime": "1004/080159", "level": "INFO", "message": "Preference changed: name=optimization_guide.previously_registered_optimization_types, new_value=[object], source=unknown"}
{"logTime": "1004/080159", "level": "INFO", "message": "Preference changed: name=browser.edge_sidebar_visibility, new_value=[object], source=unknown"}
{"logTime": "1004/080159", "level": "INFO", "message": "Preference changed: name=browser.edge_sidebar_visibility, new_value=[object], source=unknown"}
{"logTime": "1004/080159", "level": "INFO", "message": "Preference changed: name=optimization_guide.previously_registered_optimization_types, new_value=[object], source=unknown"}
{"logTime": "1004/080159", "level": "INFO", "message": "Preference changed: name=optimization_guide.previously_registered_optimization_types, new_value=[object], source=unknown"}
{"logTime": "1004/080159", "level": "INFO", "message": "Preference changed: name=edge_pinning_campaign.precomputed_campaign_data, new_value=[object], source=unknown"}
{"logTime": "1004/080159", "level": "INFO", "message": "Preference changed: name=profile.network_pbs, new_value=[object], source=unknown"}
{"logTime": "1004/080159", "level": "INFO", "message": "Preference changed: name=extensions.settings, new_value=[object], source=unknown"}
{"logTime": "1004/080159", "level": "INFO", "message": "Preference changed: name=extensions.settings, new_value=[object], source=unknown"}
{"logTime": "1004/080159", "level": "INFO", "message": "Preference changed: name=extensions.settings, new_value=[object], source=unknown"}
{"logTime": "1004/080159", "level": "INFO", "message": "Preference changed: name=extensions.settings, new_value=[object], source=unknown"}
{"logTime": "1004/080159", "level": "INFO", "message": "Preference changed: name=extensions.settings, new_value=[object], source=unknown"}
{"logTime": "1004/080159", "level": "INFO", "message": "Preference changed: name=extensions.settings, new_value=[object], source=unknown"}
{"logTime": "1004/080159", "level": "INFO", "message": "Preference changed: name=extensions.settings, new_value=[object], source=unknown"}
{"logTime": "1004/080159", "level": "INFO", "message": "Preference changed: name=extensions.settings, new_value=[object], source=unknown"}
{"logTime": "1004/080159", "level": "INFO", "message": "Preference changed: name=extensions.settings, new_value=[object], source=unknown"}
{"logTime": "1004/080159", "level": "INFO", "message": "Preference changed: name=extensions.settings, new_value=[object], source=unknown"}
{"logTime": "1004/080159", "level": "INFO", "message": "Preference changed: name=extensions.settings, new_value=[object], source=unknown"}
{"logTime": "1004/080159", "level": "INFO", "message": "Preference changed: name=profile.password_hash_data_list, new_value=[object], source=unknown"}
{"logTime": "1004/080159", "level": "INFO", "message": "Preference changed: name=profile.edge_crash_exit_count, new_value=8, source=unknown"}
{"logTime": "1004/080159", "level": "INFO", "message": "Preference changed: name=optimization_guide.previously_registered_optimization_types, new_value=[object], source=unknown"}
{"logTime": "1004/080159", "level": "INFO", "message": "Preference changed: name=in_product_help.session_start_time, new_value=\"13435574519715228\", source=unknown"}
{"logTime": "1004/080159", "level": "INFO", "message": "Preference changed: name=in_product_help.session_number, new_value=3, source=unknown"}
{"logTime": "1004/080159", "level": "INFO", "message": "Preference changed: name=in_product_help.session_last_active_time, new_value=\"13435574519715228\", source=unknown"}
{"logTime": "1004/080159", "level": "INFO", "message": "Preference changed: name=in_product_help.recent_session_start_times, new_value=[object], source=unknown"}
{"logTime": "1004/080159", "level": "INFO", "message": "Preference changed: name=edge_rewards.hva_promotions, new_value=[object], source=unknown"}
{"logTime": "1004/080159", "level": "INFO", "message": "Preference changed: name=optimization_guide.previously_registered_optimization_types, new_value=[object], source=unknown"}
{"logTime": "1004/080159", "level": "INFO", "message": "Preference changed: name=profile.content_settings.exceptions.storage_access_header_origin_trial, new_value=[object], source=unknown"}
{"logTime": "1004/080159", "level": "INFO", "message": "Preference changed: name=edge_rewards.cache_data, new_value=\"CAA=\", source=unknown"}
{"logTime": "1004/080159", "level": "INFO", "message": "Preference changed: name=profile.content_settings.exceptions.site_engagement, new_value=[object], source=unknown"}
{"logTime": "1004/080159", "level": "INFO", "message": "Preference changed: name=profile.last_engagement_time, new_value=\"13435545719745290\", source=unknown"}
{"logTime": "1004/080159", "level": "INFO", "message": "Preference changed: name=shopping.dma_telemetry_expiration_time, new_value=\"13435660919748519\", source=unknown"}
{"logTime": "1004/080159", "level": "INFO", "message": "Preference changed: name=schedule_to_flush_to_disk, new_value=\"13435574519790123\", source=unknown"}
{"logTime": "1004/080159", "level": "INFO", "message": "Preference changed: name=schedule_to_flush_to_disk, new_value=\"13435574519793360\", source=unknown"}
{"logTime": "1004/080159", "level": "INFO", "message": "Preference changed: name=account_info, new_value=[object], source=unknown"}
{"logTime": "1004/080159", "level": "INFO", "message": "Preference changed: name=safebrowsing.advanced_protection_last_refresh, new_value=\"13435574519794970\", source=unknown"}
{"logTime": "1004/080159", "level": "INFO", "message": "Preference changed: name=muid.last_sync, new_value=\"13435574519795305\", source=unknown"}
{"logTime": "1004/080159", "level": "INFO", "message": "Preference changed: name=bookmark.storage_computation_last_update, new_value=\"13435574519795604\", source=unknown"}
{"logTime": "1004/080159", "level": "INFO", "message": "Preference changed: name=account_tracker_service_last_update, new_value=\"13435574519797657\", source=unknown"}
{"logTime": "1004/080159", "level": "INFO", "message": "Preference changed: name=commerce_daily_metrics_last_update_time, new_value=\"13435574519800117\", source=unknown"}
{"logTime": "1004/080159", "level": "INFO", "message": "Preference changed: name=optimization_guide.previously_registered_optimization_types, new_value=[object], source=unknown"}
{"logTime": "1004/080159", "level": "INFO", "message": "Preference changed: name=extensions.chrome_url_overrides, new_value=[object], source=unknown"}
{"logTime": "1004/080159", "level": "INFO", "message": "PrefStore write completed: store=4, success=true"}
{"logTime": "1004/080159", "level": "INFO", "message": "PrefStore write completed: store=4, success=true"}
{"logTime": "1004/080159", "level": "INFO", "message": "Preference changed: name=profile.edge_user_with_non_zero_passwords, new_value=false, source=unknown"}
{"logTime": "1004/080159", "level": "INFO", "message": "Preference changed: name=profile.edge_user_with_non_zero_passwords, new_value=true, source=unknown"}
{"logTime": "1004/080159", "level": "INFO", "message": "Preference changed: name=browser.edge_sidebar_visibility_debug, new_value=[object], source=unknown"}
{"logTime": "1004/080159", "level": "INFO", "message": "Preference changed: name=extensions.settings, new_value=[object], source=unknown"}
{"logTime": "1004/080159", "level": "INFO", "message": "Preference changed: name=extensions.settings, new_value=[object], source=unknown"}
{"logTime": "1004/080159", "level": "INFO", "message": "Preference changed: name=extensions.settings, new_value=[object], source=unknown"}
{"logTime": "1004/080159", "level": "INFO", "message": "Preference changed: name=extensions.settings, new_value=[object], source=unknown"}
{"logTime": "1004/080159", "level": "INFO", "message": "Preference changed: name=extensions.settings, new_value=[object], source=unknown"}
{"logTime": "1004/080159", "level": "INFO", "message": "Preference changed: name=extensions.settings, new_value=[object], source=unknown"}
{"logTime": "1004/080159", "level": "INFO", "message": "Preference changed: name=extensions.settings, new_value=[object], source=unknown"}
{"logTime": "1004/080159", "level": "INFO", "message": "Preference changed: name=extensions.settings, new_value=[object], source=unknown"}
{"logTime": "1004/080159", "level": "INFO", "message": "Preference changed: name=extensions.settings, new_value=[object], source=unknown"}
{"logTime": "1004/080159", "level": "INFO", "message": "Preference changed: name=extensions.settings, new_value=[object], source=unknown"}
{"logTime": "1004/080159", "level": "INFO", "message": "Preference changed: name=extensions.settings, new_value=[object], source=unknown"}
{"logTime": "1004/080159", "level": "INFO", "message": "Preference changed: name=extensions.settings, new_value=[object], source=unknown"}
{"logTime": "1004/080159", "level": "INFO", "message": "Preference changed: name=browser.hub_app_non_synced_preferences, new_value=[object], source=unknown"}
{"logTime": "1004/080159", "level": "INFO", "message": "Preference changed: name=browser.hub_app_non_synced_preferences, new_value=[object], source=unknown"}
{"logTime": "1004/080159", "level": "INFO", "message": "Preference changed: name=browser.hub_app_non_synced_preferences, new_value=[object], source=unknown"}
{"logTime": "1004/080159", "level": "INFO", "message": "Preference changed: name=browser.hub_app_non_synced_preferences, new_value=[object], source=unknown"}
{"logTime": "1004/080159", "level": "INFO", "message": "Preference changed: name=browser.hub_app_non_synced_preferences, new_value=[object], source=unknown"}
{"logTime": "1004/080159", "level": "INFO", "message": "Preference changed: name=browser.hub_app_non_synced_preferences, new_value=[object], source=unknown"}
{"logTime": "1004/080159", "level": "INFO", "message": "Preference changed: name=browser.hub_app_non_synced_preferences, new_value=[object], source=unknown"}
{"logTime": "1004/080159", "level": "INFO", "message": "Preference changed: name=browser.hub_app_non_synced_preferences, new_value=[object], source=unknown"}
{"logTime": "1004/080159", "level": "INFO", "message": "Preference changed: name=browser.hub_app_non_synced_preferences, new_value=[object], source=unknown"}
{"logTime": "1004/080159", "level": "INFO", "message": "Preference changed: name=browser.hub_app_non_synced_preferences, new_value=[object], source=unknown"}
{"logTime": "1004/080159", "level": "INFO", "message": "Preference changed: name=browser.hub_app_non_synced_preferences, new_value=[object], source=unknown"}
{"logTime": "1004/080159", "level": "INFO", "message": "Preference changed: name=browser.hub_app_non_synced_preferences, new_value=[object], source=unknown"}
{"logTime": "1004/080159", "level": "INFO", "message": "Preference changed: name=browser.hub_app_non_synced_preferences, new_value=[object], source=unknown"}
{"logTime": "1004/080159", "level": "INFO", "message": "Preference changed: name=browser.hub_app_non_synced_preferences, new_value=[object], source=unknown"}
{"logTime": "1004/080159", "level": "INFO", "message": "Preference changed: name=browser.hub_app_non_synced_preferences, new_value=[object], source=unknown"}
{"logTime": "1004/080159", "level": "INFO", "message": "Preference changed: name=browser.hub_app_non_synced_preferences, new_value=[object], source=unknown"}
{"logTime": "1004/080159", "level": "INFO", "message": "Preference changed: name=browser.hub_app_non_synced_preferences, new_value=[object], source=unknown"}
{"logTime": "1004/080159", "level": "INFO", "message": "Preference changed: name=browser.hub_app_non_synced_preferences, new_value=[object], source=unknown"}
{"logTime": "1004/080159", "level": "INFO", "message": "Preference changed: name=browser.hub_app_non_synced_preferences, new_value=[object], source=unknown"}
{"logTime": "1004/080159", "level": "INFO", "message": "Preference changed: name=browser.hub_app_non_synced_preferences, new_value=[object], source=unknown"}
{"logTime": "1004/080159", "level": "INFO", "message": "Preference changed: name=browser.hub_app_non_synced_preferences, new_value=[object], source=unknown"}
{"logTime": "1004/080159", "level": "INFO", "message": "Preference changed: name=browser.hub_app_non_synced_preferences, new_value=[object], source=unknown"}
{"logTime": "1004/080159", "level": "INFO", "message": "Preference changed: name=browser.hub_app_non_synced_preferences, new_value=[object], source=unknown"}
{"logTime": "1004/080159", "level": "INFO", "message": "Preference changed: name=browser.hub_app_non_synced_preferences, new_value=[object], source=unknown"}
{"logTime": "1004/080159", "level": "INFO", "message": "Preference changed: name=browser.hub_app_non_synced_preferences, new_value=[object], source=unknown"}
{"logTime": "1004/080159", "level": "INFO", "message": "Preference changed: name=browser.hub_app_non_synced_preferences, new_value=[object], source=unknown"}
{"logTime": "1004/080159", "level": "INFO", "message": "Preference changed: name=browser.hub_cleanup_candidate_list_for_debug, new_value=[object], source=unknown"}
{"logTime": "1004/080159", "level": "INFO", "message": "Preference changed: name=profile.network_pbs, new_value=[object], source=sync"}
{"logTime": "1004/080159", "level": "INFO", "message": "Preference changed: name=profile.network_pbs, new_value=[object], source=sync"}
{"logTime": "1004/080159", "level": "INFO", "message": "Preference changed: name=smart_explore.on_image_hover, new_value=false, source=unknown"}
{"logTime": "1004/080159", "level": "INFO", "message": "Preference changed: name=sync.local_device_guids_with_timestamp, new_value=[object], source=unknown"}
{"logTime": "1004/080159", "level": "INFO", "message": "Preference changed: name=muid.values_seen, new_value=[object], source=unknown"}
{"logTime": "1004/080159", "level": "INFO", "message": "Preference changed: name=profile.content_settings.exceptions.site_engagement, new_value=[object], source=unknown"}
{"logTime": "1004/080159", "level": "INFO", "message": "Preference changed: name=profile.last_engagement_time, new_value=\"13435574519930692\", source=unknown"}
{"logTime": "1004/080200", "level": "INFO", "message": "Preference changed: name=extensions.settings, new_value=[object], source=unknown"}
{"logTime": "1004/080200", "level": "INFO", "message": "Preference changed: name=language_model_counters, new_value=[object], source=unknown"}
{"logTime": "1004/080200", "level": "INFO", "message": "Preference changed: name=sync.transport_data_per_account, new_value=[object], source=unknown"}
{"logTime": "1004/080200", "level": "INFO", "message": "Preference changed: name=sync.transport_data_per_account, new_value=[object], source=unknown"}
{"logTime": "1004/080200", "level": "INFO", "message": "Preference changed: name=sync.local_device_guids_with_timestamp, new_value=[object], source=unknown"}
{"logTime": "1004/080200", "level": "INFO", "message": "Preference changed: name=sync.local_device_guids_with_timestamp, new_value=[object], source=unknown"}
{"logTime": "1004/080201", "level": "INFO", "message": "Preference changed: name=edge_rewards.hva_promotions, new_value=[object], source=unknown"}
{"logTime": "1004/080201", "level": "INFO", "message": "Preference changed: name=edge_rewards.promotions, new_value=[object], source=unknown"}
{"logTime": "1004/080201", "level": "INFO", "message": "Preference changed: name=edge_rewards.hva_promotions, new_value=[object], source=unknown"}
{"logTime": "1004/080201", "level": "INFO", "message": "Preference changed: name=edge_rewards.cache_data, new_value=\"CAEQ0QFKAmlu\", source=unknown"}
{"logTime": "1004/080201", "level": "INFO", "message": "Preference changed: name=muid.values_seen, new_value=[object], source=unknown"}
{"logTime": "1004/080202", "level": "INFO", "message": "Preference changed: name=browser.edge_sidebar_visibility_debug, new_value=[object], source=unknown"}
{"logTime": "1004/080203", "level": "INFO", "message": "Preference changed: name=edge_pinning_campaign.precomputed_campaign_data, new_value=[object], source=unknown"}
{"logTime": "1004/080203", "level": "INFO", "message": "Preference changed: name=web_apps.did_migrate_default_chrome_apps, new_value=[object], source=unknown"}
{"logTime": "1004/080203", "level": "INFO", "message": "Preference changed: name=web_apps.did_migrate_default_chrome_apps, new_value=[object], source=unknown"}
{"logTime": "1004/080203", "level": "INFO", "message": "Preference changed: name=sync.transport_data_per_account, new_value=[object], source=unknown"}
{"logTime": "1004/080203", "level": "INFO", "message": "Preference changed: name=sync.transport_data_per_account, new_value=[object], source=unknown"}
{"logTime": "1004/080203", "level": "INFO", "message": "Preference changed: name=sync.transport_data_per_account, new_value=[object], source=unknown"}
{"logTime": "1004/080203", "level": "INFO", "message": "Preference changed: name=pinned_sites.pin_metadata, new_value=[object], source=unknown"}
{"logTime": "1004/080203", "level": "INFO", "message": "Preference changed: name=extensions.settings, new_value=[object], source=unknown"}
{"logTime": "1004/080203", "level": "INFO", "message": "Preference changed: name=extensions.settings, new_value=[object], source=unknown"}
{"logTime": "1004/080203", "level": "INFO", "message": "Preference changed: name=extensions.settings, new_value=[object], source=unknown"}
{"logTime": "1004/080203", "level": "INFO", "message": "Preference changed: name=extensions.settings, new_value=[object], source=unknown"}
{"logTime": "1004/080203", "level": "INFO", "message": "Preference changed: name=extensions.settings, new_value=[object], source=unknown"}
{"logTime": "1004/080203", "level": "INFO", "message": "Preference changed: name=extensions.settings, new_value=[object], source=unknown"}
{"logTime": "1004/080203", "level": "INFO", "message": "Preference changed: name=extensions.settings, new_value=[object], source=unknown"}
{"logTime": "1004/080203", "level": "INFO", "message": "Preference changed: name=extensions.settings, new_value=[object], source=unknown"}
{"logTime": "1004/080203", "level": "INFO", "message": "Preference changed: name=extensions.settings, new_value=[object], source=unknown"}
{"logTime": "1004/080203", "level": "INFO", "message": "Preference changed: name=extensions.settings, new_value=[object], source=unknown"}
{"logTime": "1004/080203", "level": "INFO", "message": "Preference changed: name=extensions.settings, new_value=[object], source=unknown"}
{"logTime": "1004/080203", "level": "INFO", "message": "Preference changed: name=extensions.settings, new_value=[object], source=unknown"}
{"logTime": "1004/080204", "level": "INFO", "message": "Preference changed: name=edge_copilot.msa_eligibility_info, new_value=[object], source=unknown"}
{"logTime": "1004/080204", "level": "INFO", "message": "Preference changed: name=sync.keystore_encryption_key_state, new_value=\"eyJkb3dubG9hZF9rZXlfcmVzdWx0Ijp0cnVlLCJleHBpcmF0aW9uX3RpbWUiOjE3OTExODczMjQuNTM3Njc3LCJodHRwX3Jlc3BvbnNlX2NvZGUiOjIwMCwia2V5X2NvdW50Ijo3LCJrZXlfdmFsaWRhdGlvbl90aW1lIjoxNzkwOTUwMzE5LjU4NTQwMSwibmV0X2Vycm9yX2NvZGUiOjEsInByb2Nlc3Nfa2V5X3Jlc3VsdCI6MCwic2V0X2tleV9yZXN1bHQiOnRydWV9\", source=unknown"}
{"logTime": "1004/080204", "level": "INFO", "message": "Preference changed: name=sync.transport_data_per_account, new_value=[object], source=unknown"}
{"logTime": "1004/080204", "level": "INFO", "message": "Preference changed: name=sync.transport_data_per_account, new_value=[object], source=unknown"}
{"logTime": "1004/080204", "level": "INFO", "message": "Preference changed: name=sync.transport_data_per_account, new_value=[object], source=unknown"}
{"logTime": "1004/080204", "level": "INFO", "message": "Preference changed: name=browser.hub_cleanup_candidate_list_for_debug, new_value=[object], source=unknown"}
{"logTime": "1004/080204", "level": "INFO", "message": "Preference changed: name=sync.transport_data_per_account, new_value=[object], source=unknown"}
{"logTime": "1004/080204", "level": "INFO", "message": "Preference changed: name=sync.transport_data_per_account, new_value=[object], source=unknown"}
{"logTime": "1004/080204", "level": "INFO", "message": "Preference changed: name=sync.transport_data_per_account, new_value=[object], source=unknown"}
{"logTime": "1004/080204", "level": "INFO", "message": "Preference changed: name=sync.transport_data_per_account, new_value=[object], source=unknown"}
{"logTime": "1004/080302", "level": "INFO", "message": "UserPrefStore loaded: error=NONE (0)"}
{"logTime": "1004/080302", "level": "INFO", "message": "Preference changed: name=optimization_guide.previously_registered_optimization_types, new_value=[object], source=unknown"}
{"logTime": "1004/080302", "level": "INFO", "message": "Preference changed: name=extensions.chrome_url_overrides, new_value=[object], source=unknown"}
{"logTime": "1004/080302", "level": "INFO", "message": "Preference changed: name=sessions.event_log, new_value=[object], source=unknown"}
{"logTime": "1004/080302", "level": "INFO", "message": "Preference changed: name=optimization_guide.previously_registered_optimization_types, new_value=[object], source=unknown"}
{"logTime": "1004/080302", "level": "INFO", "message": "Preference changed: name=optimization_guide.previously_registered_optimization_types, new_value=[object], source=unknown"}
{"logTime": "1004/080302", "level": "INFO", "message": "Preference changed: name=optimization_guide.previously_registered_optimization_types, new_value=[object], source=unknown"}
{"logTime": "1004/080302", "level": "INFO", "message": "Preference changed: name=browser.edge_sidebar_visibility, new_value=[object], source=unknown"}
{"logTime": "1004/080302", "level": "INFO", "message": "Preference changed: name=browser.edge_sidebar_visibility, new_value=[object], source=unknown"}
{"logTime": "1004/080302", "level": "INFO", "message": "Preference changed: name=optimization_guide.previously_registered_optimization_types, new_value=[object], source=unknown"}
{"logTime": "1004/080302", "level": "INFO", "message": "Preference changed: name=optimization_guide.previously_registered_optimization_types, new_value=[object], source=unknown"}
{"logTime": "1004/080302", "level": "INFO", "message": "Preference changed: name=edge_pinning_campaign.precomputed_campaign_data, new_value=[object], source=unknown"}
{"logTime": "1004/080302", "level": "INFO", "message": "Preference changed: name=profile.network_pbs, new_value=[object], source=unknown"}
{"logTime": "1004/080302", "level": "INFO", "message": "Preference changed: name=profile.password_hash_data_list, new_value=[object], source=unknown"}
{"logTime": "1004/080302", "level": "INFO", "message": "Preference changed: name=profile.edge_crash_exit_count, new_value=9, source=unknown"}
{"logTime": "1004/080302", "level": "INFO", "message": "Preference changed: name=optimization_guide.previously_registered_optimization_types, new_value=[object], source=unknown"}
{"logTime": "1004/080302", "level": "INFO", "message": "Preference changed: name=in_product_help.session_start_time, new_value=\"13435574582593848\", source=unknown"}
{"logTime": "1004/080302", "level": "INFO", "message": "Preference changed: name=in_product_help.session_number, new_value=3, source=unknown"}
{"logTime": "1004/080302", "level": "INFO", "message": "Preference changed: name=in_product_help.session_last_active_time, new_value=\"13435574582593848\", source=unknown"}
{"logTime": "1004/080302", "level": "INFO", "message": "Preference changed: name=in_product_help.recent_session_start_times, new_value=[object], source=unknown"}
{"logTime": "1004/080302", "level": "INFO", "message": "Preference changed: name=edge_rewards.hva_promotions, new_value=[object], source=unknown"}
{"logTime": "1004/080302", "level": "INFO", "message": "Preference changed: name=optimization_guide.previously_registered_optimization_types, new_value=[object], source=unknown"}
{"logTime": "1004/080302", "level": "INFO", "message": "Preference changed: name=profile.content_settings.exceptions.storage_access_header_origin_trial, new_value=[object], source=unknown"}
{"logTime": "1004/080302", "level": "INFO", "message": "Preference changed: name=edge_rewards.cache_data, new_value=\"CAA=\", source=unknown"}
{"logTime": "1004/080302", "level": "INFO", "message": "Preference changed: name=profile.content_settings.exceptions.site_engagement, new_value=[object], source=unknown"}
{"logTime": "1004/080302", "level": "INFO", "message": "Preference changed: name=profile.last_engagement_time, new_value=\"13435545782638587\", source=unknown"}
{"logTime": "1004/080302", "level": "INFO", "message": "Preference changed: name=shopping.dma_telemetry_expiration_time, new_value=\"13435660982642459\", source=unknown"}
{"logTime": "1004/080302", "level": "INFO", "message": "Preference changed: name=schedule_to_flush_to_disk, new_value=\"13435574582689605\", source=unknown"}
{"logTime": "1004/080302", "level": "INFO", "message": "Preference changed: name=schedule_to_flush_to_disk, new_value=\"13435574582693149\", source=unknown"}
{"logTime": "1004/080302", "level": "INFO", "message": "Preference changed: name=account_info, new_value=[object], source=unknown"}
{"logTime": "1004/080302", "level": "INFO", "message": "Preference changed: name=safebrowsing.advanced_protection_last_refresh, new_value=\"13435574582694232\", source=unknown"}
{"logTime": "1004/080302", "level": "INFO", "message": "Preference changed: name=muid.last_sync, new_value=\"13435574582694536\", source=unknown"}
{"logTime": "1004/080302", "level": "INFO", "message": "Preference changed: name=bookmark.storage_computation_last_update, new_value=\"13435574582694840\", source=unknown"}
{"logTime": "1004/080302", "level": "INFO", "message": "Preference changed: name=account_tracker_service_last_update, new_value=\"13435574582697357\", source=unknown"}
{"logTime": "1004/080302", "level": "INFO", "message": "Preference changed: name=commerce_daily_metrics_last_update_time, new_value=\"13435574582700800\", source=unknown"}
{"logTime": "1004/080302", "level": "INFO", "message": "Preference changed: name=extensions.chrome_url_overrides, new_value=[object], source=unknown"}
{"logTime": "1004/080302", "level": "INFO", "message": "Preference changed: name=optimization_guide.previously_registered_optimization_types, new_value=[object], source=unknown"}
{"logTime": "1004/080302", "level": "INFO", "message": "PrefStore write completed: store=4, success=true"}
{"logTime": "1004/080302", "level": "INFO", "message": "PrefStore write completed: store=4, success=true"}
{"logTime": "1004/080302", "level": "INFO", "message": "Preference changed: name=profile.edge_user_with_non_zero_passwords, new_value=false, source=unknown"}
{"logTime": "1004/080302", "level": "INFO", "message": "Preference changed: name=browser.edge_sidebar_visibility_debug, new_value=[object], source=unknown"}
{"logTime": "1004/080302", "level": "INFO", "message": "Preference changed: name=extensions.settings, new_value=[object], source=unknown"}
{"logTime": "1004/080302", "level": "INFO", "message": "Preference changed: name=extensions.settings, new_value=[object], source=unknown"}
{"logTime": "1004/080302", "level": "INFO", "message": "Preference changed: name=extensions.settings, new_value=[object], source=unknown"}
{"logTime": "1004/080302", "level": "INFO", "message": "Preference changed: name=extensions.settings, new_value=[object], source=unknown"}
{"logTime": "1004/080302", "level": "INFO", "message": "Preference changed: name=extensions.settings, new_value=[object], source=unknown"}
{"logTime": "1004/080302", "level": "INFO", "message": "Preference changed: name=extensions.settings, new_value=[object], source=unknown"}
{"logTime": "1004/080302", "level": "INFO", "message": "Preference changed: name=extensions.settings, new_value=[object], source=unknown"}
{"logTime": "1004/080302", "level": "INFO", "message": "Preference changed: name=extensions.settings, new_value=[object], source=unknown"}
{"logTime": "1004/080302", "level": "INFO", "message": "Preference changed: name=extensions.settings, new_value=[object], source=unknown"}
{"logTime": "1004/080302", "level": "INFO", "message": "Preference changed: name=extensions.settings, new_value=[object], source=unknown"}
{"logTime": "1004/080302", "level": "INFO", "message": "Preference changed: name=extensions.settings, new_value=[object], source=unknown"}
{"logTime": "1004/080302", "level": "INFO", "message": "Preference changed: name=extensions.settings, new_value=[object], source=unknown"}
{"logTime": "1004/080302", "level": "INFO", "message": "Preference changed: name=browser.hub_app_non_synced_preferences, new_value=[object], source=unknown"}
{"logTime": "1004/080302", "level": "INFO", "message": "Preference changed: name=browser.hub_app_non_synced_preferences, new_value=[object], source=unknown"}
{"logTime": "1004/080302", "level": "INFO", "message": "Preference changed: name=browser.hub_app_non_synced_preferences, new_value=[object], source=unknown"}
{"logTime": "1004/080302", "level": "INFO", "message": "Preference changed: name=browser.hub_app_non_synced_preferences, new_value=[object], source=unknown"}
{"logTime": "1004/080302", "level": "INFO", "message": "Preference changed: name=browser.hub_app_non_synced_preferences, new_value=[object], source=unknown"}
{"logTime": "1004/080302", "level": "INFO", "message": "Preference changed: name=browser.hub_app_non_synced_preferences, new_value=[object], source=unknown"}
{"logTime": "1004/080302", "level": "INFO", "message": "Preference changed: name=browser.hub_app_non_synced_preferences, new_value=[object], source=unknown"}
{"logTime": "1004/080302", "level": "INFO", "message": "Preference changed: name=browser.hub_app_non_synced_preferences, new_value=[object], source=unknown"}
{"logTime": "1004/080302", "level": "INFO", "message": "Preference changed: name=browser.hub_app_non_synced_preferences, new_value=[object], source=unknown"}
{"logTime": "1004/080302", "level": "INFO", "message": "Preference changed: name=browser.hub_app_non_synced_preferences, new_value=[object], source=unknown"}
{"logTime": "1004/080302", "level": "INFO", "message": "Preference changed: name=browser.hub_app_non_synced_preferences, new_value=[object], source=unknown"}
{"logTime": "1004/080302", "level": "INFO", "message": "Preference changed: name=browser.hub_app_non_synced_preferences, new_value=[object], source=unknown"}
{"logTime": "1004/080302", "level": "INFO", "message": "Preference changed: name=browser.hub_app_non_synced_preferences, new_value=[object], source=unknown"}
{"logTime": "1004/080302", "level": "INFO", "message": "Preference changed: name=browser.hub_app_non_synced_preferences, new_value=[object], source=unknown"}
{"logTime": "1004/080302", "level": "INFO", "message": "Preference changed: name=browser.hub_app_non_synced_preferences, new_value=[object], source=unknown"}
{"logTime": "1004/080302", "level": "INFO", "message": "Preference changed: name=browser.hub_app_non_synced_preferences, new_value=[object], source=unknown"}
{"logTime": "1004/080302", "level": "INFO", "message": "Preference changed: name=browser.hub_app_non_synced_preferences, new_value=[object], source=unknown"}
{"logTime": "1004/080302", "level": "INFO", "message": "Preference changed: name=browser.hub_app_non_synced_preferences, new_value=[object], source=unknown"}
{"logTime": "1004/080302", "level": "INFO", "message": "Preference changed: name=browser.hub_app_non_synced_preferences, new_value=[object], source=unknown"}
{"logTime": "1004/080302", "level": "INFO", "message": "Preference changed: name=browser.hub_app_non_synced_preferences, new_value=[object], source=unknown"}
{"logTime": "1004/080302", "level": "INFO", "message": "Preference changed: name=browser.hub_app_non_synced_preferences, new_value=[object], source=unknown"}
{"logTime": "1004/080302", "level": "INFO", "message": "Preference changed: name=browser.hub_app_non_synced_preferences, new_value=[object], source=unknown"}
{"logTime": "1004/080302", "level": "INFO", "message": "Preference changed: name=browser.hub_app_non_synced_preferences, new_value=[object], source=unknown"}
{"logTime": "1004/080302", "level": "INFO", "message": "Preference changed: name=browser.hub_app_non_synced_preferences, new_value=[object], source=unknown"}
{"logTime": "1004/080302", "level": "INFO", "message": "Preference changed: name=browser.hub_app_non_synced_preferences, new_value=[object], source=unknown"}
{"logTime": "1004/080302", "level": "INFO", "message": "Preference changed: name=browser.hub_app_non_synced_preferences, new_value=[object], source=unknown"}
{"logTime": "1004/080302", "level": "INFO", "message": "Preference changed: name=browser.hub_cleanup_candidate_list_for_debug, new_value=[object], source=unknown"}
{"logTime": "1004/080302", "level": "INFO", "message": "Preference changed: name=profile.edge_user_with_non_zero_passwords, new_value=true, source=unknown"}
{"logTime": "1004/080302", "level": "INFO", "message": "Preference changed: name=smart_explore.on_image_hover, new_value=false, source=unknown"}
{"logTime": "1004/080302", "level": "INFO", "message": "Preference changed: name=profile.network_pbs, new_value=[object], source=sync"}
{"logTime": "1004/080302", "level": "INFO", "message": "Preference changed: name=profile.network_pbs, new_value=[object], source=sync"}
{"logTime": "1004/080302", "level": "INFO", "message": "Preference changed: name=sync.local_device_guids_with_timestamp, new_value=[object], source=unknown"}
{"logTime": "1004/080302", "level": "INFO", "message": "Preference changed: name=muid.values_seen, new_value=[object], source=unknown"}
{"logTime": "1004/080302", "level": "INFO", "message": "Preference changed: name=profile.content_settings.exceptions.site_engagement, new_value=[object], source=unknown"}
{"logTime": "1004/080302", "level": "INFO", "message": "Preference changed: name=profile.last_engagement_time, new_value=\"13435574582796109\", source=unknown"}
{"logTime": "1004/080303", "level": "INFO", "message": "Preference changed: name=language_model_counters, new_value=[object], source=unknown"}
{"logTime": "1004/080303", "level": "INFO", "message": "Preference changed: name=edge_rewards.hva_promotions, new_value=[object], source=unknown"}
{"logTime": "1004/080303", "level": "INFO", "message": "Preference changed: name=edge_rewards.promotions, new_value=[object], source=unknown"}
{"logTime": "1004/080303", "level": "INFO", "message": "Preference changed: name=edge_rewards.hva_promotions, new_value=[object], source=unknown"}
{"logTime": "1004/080303", "level": "INFO", "message": "Preference changed: name=edge_rewards.cache_data, new_value=\"CAEQ0QFKAmlu\", source=unknown"}
{"logTime": "1004/080303", "level": "INFO", "message": "Preference changed: name=sync.transport_data_per_account, new_value=[object], source=unknown"}
{"logTime": "1004/080303", "level": "INFO", "message": "Preference changed: name=sync.transport_data_per_account, new_value=[object], source=unknown"}
{"logTime": "1004/080303", "level": "INFO", "message": "Preference changed: name=sync.local_device_guids_with_timestamp, new_value=[object], source=unknown"}
{"logTime": "1004/080303", "level": "INFO", "message": "Preference changed: name=sync.local_device_guids_with_timestamp, new_value=[object], source=unknown"}
{"logTime": "1004/080303", "level": "INFO", "message": "Preference changed: name=muid.values_seen, new_value=[object], source=unknown"}
{"logTime": "1004/080304", "level": "INFO", "message": "Preference changed: name=sync.transport_data_per_account, new_value=[object], source=unknown"}
{"logTime": "1004/080304", "level": "INFO", "message": "Preference changed: name=sync.transport_data_per_account, new_value=[object], source=unknown"}
{"logTime": "1004/080304", "level": "INFO", "message": "Preference changed: name=sync.transport_data_per_account, new_value=[object], source=unknown"}
{"logTime": "1004/080305", "level": "INFO", "message": "Preference changed: name=sync.keystore_encryption_key_state, new_value=\"eyJkb3dubG9hZF9rZXlfcmVzdWx0Ijp0cnVlLCJleHBpcmF0aW9uX3RpbWUiOjE3OTExODczODUuMzM2MzgzLCJodHRwX3Jlc3BvbnNlX2NvZGUiOjIwMCwia2V5X2NvdW50Ijo3LCJrZXlfdmFsaWRhdGlvbl90aW1lIjoxNzkwOTUwMzE5LjU4NTQwMSwibmV0X2Vycm9yX2NvZGUiOjEsInByb2Nlc3Nfa2V5X3Jlc3VsdCI6MCwic2V0X2tleV9yZXN1bHQiOnRydWV9\", source=unknown"}
{"logTime": "1004/080305", "level": "INFO", "message": "Preference changed: name=sync.transport_data_per_account, new_value=[object], source=unknown"}
{"logTime": "1004/080305", "level": "INFO", "message": "Preference changed: name=sync.transport_data_per_account, new_value=[object], source=unknown"}
{"logTime": "1004/080305", "level": "INFO", "message": "Preference changed: name=sync.transport_data_per_account, new_value=[object], source=unknown"}
{"logTime": "1004/080305", "level": "INFO", "message": "Preference changed: name=browser.edge_sidebar_visibility_debug, new_value=[object], source=unknown"}
{"logTime": "1004/080305", "level": "INFO", "message": "Preference changed: name=edge_pinning_campaign.precomputed_campaign_data, new_value=[object], source=unknown"}
{"logTime": "1004/080305", "level": "INFO", "message": "Preference changed: name=web_apps.did_migrate_default_chrome_apps, new_value=[object], source=unknown"}
{"logTime": "1004/080305", "level": "INFO", "message": "Preference changed: name=web_apps.did_migrate_default_chrome_apps, new_value=[object], source=unknown"}
{"logTime": "1004/080306", "level": "INFO", "message": "Preference changed: name=sync.transport_data_per_account, new_value=[object], source=unknown"}
{"logTime": "1004/080306", "level": "INFO", "message": "Preference changed: name=sync.transport_data_per_account, new_value=[object], source=unknown"}
{"logTime": "1004/080306", "level": "INFO", "message": "Preference changed: name=sync.transport_data_per_account, new_value=[object], source=unknown"}
{"logTime": "1004/080306", "level": "INFO", "message": "Preference changed: name=sync.transport_data_per_account, new_value=[object], source=unknown"}
{"logTime": "1004/080306", "level": "INFO", "message": "Preference changed: name=edge_copilot.msa_eligibility_info, new_value=[object], source=unknown"}
{"logTime": "1004/080306", "level": "INFO", "message": "Preference changed: name=extensions.settings, new_value=[object], source=unknown"}
{"logTime": "1004/080306", "level": "INFO", "message": "Preference changed: name=extensions.settings, new_value=[object], source=unknown"}
{"logTime": "1004/080306", "level": "INFO", "message": "Preference changed: name=extensions.settings, new_value=[object], source=unknown"}
{"logTime": "1004/080306", "level": "INFO", "message": "Preference changed: name=extensions.settings, new_value=[object], source=unknown"}
{"logTime": "1004/080306", "level": "INFO", "message": "Preference changed: name=extensions.settings, new_value=[object], source=unknown"}
{"logTime": "1004/080306", "level": "INFO", "message": "Preference changed: name=extensions.settings, new_value=[object], source=unknown"}
{"logTime": "1004/080306", "level": "INFO", "message": "Preference changed: name=extensions.settings, new_value=[object], source=unknown"}
{"logTime": "1004/080306", "level": "INFO", "message": "Preference changed: name=extensions.settings, new_value=[object], source=unknown"}
{"logTime": "1004/080306", "level": "INFO", "message": "Preference changed: name=extensions.settings, new_value=[object], source=unknown"}
{"logTime": "1004/080306", "level": "INFO", "message": "Preference changed: name=extensions.settings, new_value=[object], source=unknown"}
{"logTime": "1004/080306", "level": "INFO", "message": "Preference changed: name=extensions.settings, new_value=[object], source=unknown"}
{"logTime": "1004/080306", "level": "INFO", "message": "Preference changed: name=extensions.settings, new_value=[object], source=unknown"}
{"logTime": "1004/080306", "level": "INFO", "message": "Preference changed: name=pinned_sites.pin_metadata, new_value=[object], source=unknown"}
{"logTime": "1004/080307", "level": "INFO", "message": "Preference changed: name=browser.hub_cleanup_candidate_list_for_debug, new_value=[object], source=unknown"}
